filename,hotspot_ratio,label
Raw Image 1 (32)_top_left.jpg,0.02340087890625,minor
Raw Image 1 (32)_top_right.jpg,0.09600830078125,moderate
Raw Image 1 (32)_bottom_left.jpg,0.01478271484375,minor
Raw Image 1 (32)_bottom_right.jpg,0.01064453125,minor
Raw Image 1 (33)_top_left.jpg,0.02340087890625,minor
Raw Image 1 (33)_top_right.jpg,0.09600830078125,moderate
Raw Image 1 (33)_bottom_left.jpg,0.01478271484375,minor
Raw Image 1 (33)_bottom_right.jpg,0.01064453125,minor
Raw Image 2 (38)_top_left.jpg,0.0328369140625,minor
Raw Image 2 (38)_top_right.jpg,0.071533203125,moderate
Raw Image 2 (38)_bottom_left.jpg,0.010205078125,minor
Raw Image 2 (38)_bottom_right.jpg,0.0716552734375,moderate
Raw Image 2 (39)_top_left.jpg,0.01202392578125,minor
Raw Image 2 (39)_top_right.jpg,0.01195068359375,minor
Raw Image 2 (39)_bottom_left.jpg,0.06119384765625,moderate
Raw Image 2 (39)_bottom_right.jpg,0.0100830078125,minor
Raw Image 1 (34)_top_left.jpg,0.05260009765625,moderate
Raw Image 1 (34)_top_right.jpg,0.0117919921875,minor
Raw Image 1 (34)_bottom_left.jpg,0.06273193359375,moderate
Raw Image 1 (34)_bottom_right.jpg,0.023974609375,minor
Raw Image 6 (5)_top_left.jpg,0.02210693359375,minor
Raw Image 6 (5)_top_right.jpg,0.0179443359375,minor
Raw Image 6 (5)_bottom_left.jpg,0.03131103515625,minor
Raw Image 6 (5)_bottom_right.jpg,0.0280517578125,minor
Raw Image 2 (40)_top_left.jpg,0.02060546875,minor
Raw Image 2 (40)_top_right.jpg,0.0243408203125,minor
Raw Image 2 (40)_bottom_left.jpg,0.02513427734375,minor
Raw Image 2 (40)_bottom_right.jpg,0.0239990234375,minor
Raw Image 5 (6)_top_left.jpg,0.02060546875,minor
Raw Image 5 (6)_top_right.jpg,0.0243408203125,minor
Raw Image 5 (6)_bottom_left.jpg,0.02513427734375,minor
Raw Image 5 (6)_bottom_right.jpg,0.0239990234375,minor
Raw Image 1 (35)_top_left.jpg,0.02210693359375,minor
Raw Image 1 (35)_top_right.jpg,0.0179443359375,minor
Raw Image 1 (35)_bottom_left.jpg,0.03131103515625,minor
Raw Image 1 (35)_bottom_right.jpg,0.0280517578125,minor
Raw Image 6 (6)_top_left.jpg,0.05106201171875,moderate
Raw Image 6 (6)_top_right.jpg,0.0227294921875,minor
Raw Image 6 (6)_bottom_left.jpg,0.05147705078125,moderate
Raw Image 6 (6)_bottom_right.jpg,0.03797607421875,minor
Raw Image 5 (7)_top_left.jpg,0.0627197265625,moderate
Raw Image 5 (7)_top_right.jpg,0.03404541015625,minor
Raw Image 5 (7)_bottom_left.jpg,0.0262939453125,minor
Raw Image 5 (7)_bottom_right.jpg,0.02060546875,minor
Raw Image 2 (41)_top_left.jpg,0.0627197265625,moderate
Raw Image 2 (41)_top_right.jpg,0.03404541015625,minor
Raw Image 2 (41)_bottom_left.jpg,0.0262939453125,minor
Raw Image 2 (41)_bottom_right.jpg,0.02060546875,minor
Raw Image 1 (36)_top_left.jpg,0.05106201171875,moderate
Raw Image 1 (36)_top_right.jpg,0.0227294921875,minor
Raw Image 1 (36)_bottom_left.jpg,0.05147705078125,moderate
Raw Image 1 (36)_bottom_right.jpg,0.03797607421875,minor
Raw Image 6 (7)_top_left.jpg,0.01922607421875,minor
Raw Image 6 (7)_top_right.jpg,0.04290771484375,minor
Raw Image 6 (7)_bottom_left.jpg,0.025634765625,minor
Raw Image 6 (7)_bottom_right.jpg,0.05501708984375,moderate
Raw Image 5 (8)_top_left.jpg,0.02301025390625,minor
Raw Image 5 (8)_top_right.jpg,0.04849853515625,minor
Raw Image 5 (8)_bottom_left.jpg,0.0133544921875,minor
Raw Image 5 (8)_bottom_right.jpg,0.0373046875,minor
Raw Image 2 (42)_top_left.jpg,0.01922607421875,minor
Raw Image 2 (42)_top_right.jpg,0.04290771484375,minor
Raw Image 2 (42)_bottom_left.jpg,0.025634765625,minor
Raw Image 2 (42)_bottom_right.jpg,0.05501708984375,moderate
Raw Image 1 (37)_top_left.jpg,0.02301025390625,minor
Raw Image 1 (37)_top_right.jpg,0.04849853515625,minor
Raw Image 1 (37)_bottom_left.jpg,0.0133544921875,minor
Raw Image 1 (37)_bottom_right.jpg,0.0373046875,minor
Raw Image 2 (43)_top_left.jpg,0.01473388671875,minor
Raw Image 2 (43)_top_right.jpg,0.10186767578125,moderate
Raw Image 2 (43)_bottom_left.jpg,0.00850830078125,normal
Raw Image 2 (43)_bottom_right.jpg,0.050341796875,moderate
Raw Image 1 (38)_top_left.jpg,0.01165771484375,minor
Raw Image 1 (38)_top_right.jpg,0.08463134765625,moderate
Raw Image 1 (38)_bottom_left.jpg,0.008642578125,normal
Raw Image 1 (38)_bottom_right.jpg,0.046923828125,minor
Raw Image 2 (44)_top_left.jpg,0.006201171875,normal
Raw Image 2 (44)_top_right.jpg,0.051318359375,moderate
Raw Image 2 (44)_bottom_left.jpg,0.01566162109375,minor
Raw Image 2 (44)_bottom_right.jpg,0.0376220703125,minor
Raw Image 1 (39)_top_left.jpg,0.0028564453125,normal
Raw Image 1 (39)_top_right.jpg,0.03758544921875,minor
Raw Image 1 (39)_bottom_left.jpg,0.01617431640625,minor
Raw Image 1 (39)_bottom_right.jpg,0.03406982421875,minor
Raw Image 2 (45)_top_left.jpg,0.00870361328125,normal
Raw Image 2 (45)_top_right.jpg,0.00897216796875,normal
Raw Image 2 (45)_bottom_left.jpg,0.0093994140625,normal
Raw Image 2 (45)_bottom_right.jpg,0.01580810546875,minor
Raw Image 1 (40)_top_left.jpg,0.006103515625,normal
Raw Image 1 (40)_top_right.jpg,0.00623779296875,normal
Raw Image 1 (40)_bottom_left.jpg,0.0091064453125,normal
Raw Image 1 (40)_bottom_right.jpg,0.01922607421875,minor
Raw Image 1 (41)_top_left.jpg,0.00855712890625,normal
Raw Image 1 (41)_top_right.jpg,0.0421630859375,minor
Raw Image 1 (41)_bottom_left.jpg,0.01234130859375,minor
Raw Image 1 (41)_bottom_right.jpg,0.00582275390625,normal
Raw Image 2 (46)_top_left.jpg,0.00986328125,normal
Raw Image 2 (46)_top_right.jpg,0.0427978515625,minor
Raw Image 2 (46)_bottom_left.jpg,0.0156494140625,minor
Raw Image 2 (46)_bottom_right.jpg,0.009765625,normal
Raw Image 2 (47)_top_left.jpg,0.03873291015625,minor
Raw Image 2 (47)_top_right.jpg,0.01968994140625,minor
Raw Image 2 (47)_bottom_left.jpg,0.01630859375,minor
Raw Image 2 (47)_bottom_right.jpg,0.01446533203125,minor
Raw Image 1 (42)_top_left.jpg,0.05390625,moderate
Raw Image 1 (42)_top_right.jpg,0.017431640625,minor
Raw Image 1 (42)_bottom_left.jpg,0.0248046875,minor
Raw Image 1 (42)_bottom_right.jpg,0.010302734375,minor
Raw Image 2 (48)_top_left.jpg,0.0262939453125,minor
Raw Image 2 (48)_top_right.jpg,0.07330322265625,moderate
Raw Image 2 (48)_bottom_left.jpg,0.02113037109375,minor
Raw Image 2 (48)_bottom_right.jpg,0.06287841796875,moderate
Raw Image 1 (43)_top_left.jpg,0.0220947265625,minor
Raw Image 1 (43)_top_right.jpg,0.07025146484375,moderate
Raw Image 1 (43)_bottom_left.jpg,0.0173828125,minor
Raw Image 1 (43)_bottom_right.jpg,0.06925048828125,moderate
Raw Image 2 (49)_top_left.jpg,0.0288330078125,minor
Raw Image 2 (49)_top_right.jpg,0.010498046875,minor
Raw Image 2 (49)_bottom_left.jpg,0.04874267578125,minor
Raw Image 2 (49)_bottom_right.jpg,0.00618896484375,normal
Raw Image 1 (44)_top_left.jpg,0.0461181640625,minor
Raw Image 1 (44)_top_right.jpg,0.00875244140625,normal
Raw Image 1 (44)_bottom_left.jpg,0.01978759765625,minor
Raw Image 1 (44)_bottom_right.jpg,0.00643310546875,normal
Raw Image 2 (50)_top_left.jpg,0.0106201171875,minor
Raw Image 2 (50)_top_right.jpg,0.00308837890625,normal
Raw Image 2 (50)_bottom_left.jpg,0.00789794921875,normal
Raw Image 2 (50)_bottom_right.jpg,0.01431884765625,minor
Raw Image 1 (45)_top_left.jpg,0.02215576171875,minor
Raw Image 1 (45)_top_right.jpg,0.0087646484375,normal
Raw Image 1 (45)_bottom_left.jpg,0.00506591796875,normal
Raw Image 1 (45)_bottom_right.jpg,0.0067626953125,normal
Raw Image 2 (51)_top_left.jpg,0.06405029296875,moderate
Raw Image 2 (51)_top_right.jpg,0.00419921875,normal
Raw Image 2 (51)_bottom_left.jpg,0.04432373046875,minor
Raw Image 2 (51)_bottom_right.jpg,0.0056396484375,normal
Raw Image 1 (46)_top_left.jpg,0.00565185546875,normal
Raw Image 1 (46)_top_right.jpg,0.0336181640625,minor
Raw Image 1 (46)_bottom_left.jpg,0.0155029296875,minor
Raw Image 1 (46)_bottom_right.jpg,0.024609375,minor
Raw Image 2 (52)_top_left.jpg,0.0154052734375,minor
Raw Image 2 (52)_top_right.jpg,0.00767822265625,normal
Raw Image 2 (52)_bottom_left.jpg,0.0179931640625,minor
Raw Image 2 (52)_bottom_right.jpg,0.01307373046875,minor
Raw Image 3_top_left.jpg,0.0229736328125,minor
Raw Image 3_top_right.jpg,0.018505859375,minor
Raw Image 3_bottom_left.jpg,0.02235107421875,minor
Raw Image 3_bottom_right.jpg,0.01038818359375,minor
Raw Image 1 (47)_top_left.jpg,0.03951416015625,minor
Raw Image 1 (47)_top_right.jpg,0.041943359375,minor
Raw Image 1 (47)_bottom_left.jpg,0.01473388671875,minor
Raw Image 1 (47)_bottom_right.jpg,0.01319580078125,minor
Raw Image 1 (48)_top_left.jpg,0.0154052734375,minor
Raw Image 1 (48)_top_right.jpg,0.00767822265625,normal
Raw Image 1 (48)_bottom_left.jpg,0.0179931640625,minor
Raw Image 1 (48)_bottom_right.jpg,0.01307373046875,minor
Raw Image 2 (53)_top_left.jpg,0.0159912109375,minor
Raw Image 2 (53)_top_right.jpg,0.01121826171875,minor
Raw Image 2 (53)_bottom_left.jpg,0.01607666015625,minor
Raw Image 2 (53)_bottom_right.jpg,0.008740234375,normal
Raw Image 2 (54)_top_left.jpg,0.0278076171875,minor
Raw Image 2 (54)_top_right.jpg,0.01676025390625,minor
Raw Image 2 (54)_bottom_left.jpg,0.025537109375,minor
Raw Image 2 (54)_bottom_right.jpg,0.0164306640625,minor
Raw Image 1 (49)_top_left.jpg,0.02786865234375,minor
Raw Image 1 (49)_top_right.jpg,0.01751708984375,minor
Raw Image 1 (49)_bottom_left.jpg,0.02725830078125,minor
Raw Image 1 (49)_bottom_right.jpg,0.01082763671875,minor
Raw Image 2 (55)_top_left.jpg,0.0471923828125,minor
Raw Image 2 (55)_top_right.jpg,0.0187255859375,minor
Raw Image 2 (55)_bottom_left.jpg,0.05943603515625,moderate
Raw Image 2 (55)_bottom_right.jpg,0.03111572265625,minor
Raw Image 1 (50)_top_left.jpg,0.04884033203125,minor
Raw Image 1 (50)_top_right.jpg,0.01597900390625,minor
Raw Image 1 (50)_bottom_left.jpg,0.07337646484375,moderate
Raw Image 1 (50)_bottom_right.jpg,0.02674560546875,minor
Raw Image 1 (51)_top_left.jpg,0.02784423828125,minor
Raw Image 1 (51)_top_right.jpg,0.0513427734375,moderate
Raw Image 1 (51)_bottom_left.jpg,0.0209716796875,minor
Raw Image 1 (51)_bottom_right.jpg,0.0197265625,minor
Raw Image 2 (56)_top_left.jpg,0.02432861328125,minor
Raw Image 2 (56)_top_right.jpg,0.04520263671875,minor
Raw Image 2 (56)_bottom_left.jpg,0.0390869140625,minor
Raw Image 2 (56)_bottom_right.jpg,0.0407958984375,minor
Raw Image 2 (57)_top_left.jpg,0.035791015625,minor
Raw Image 2 (57)_top_right.jpg,0.0532470703125,moderate
Raw Image 2 (57)_bottom_left.jpg,0.02930908203125,minor
Raw Image 2 (57)_bottom_right.jpg,0.0578125,moderate
Raw Image 1 (52)_top_left.jpg,0.03033447265625,minor
Raw Image 1 (52)_top_right.jpg,0.05821533203125,moderate
Raw Image 1 (52)_bottom_left.jpg,0.01734619140625,minor
Raw Image 1 (52)_bottom_right.jpg,0.05015869140625,moderate
Raw Image 1 (53)_top_left.jpg,0.0332275390625,minor
Raw Image 1 (53)_top_right.jpg,0.05892333984375,moderate
Raw Image 1 (53)_bottom_left.jpg,0.03038330078125,minor
Raw Image 1 (53)_bottom_right.jpg,0.04725341796875,minor
Raw Image 2 (58)_top_left.jpg,0.04390869140625,minor
Raw Image 2 (58)_top_right.jpg,0.05806884765625,moderate
Raw Image 2 (58)_bottom_left.jpg,0.02486572265625,minor
Raw Image 2 (58)_bottom_right.jpg,0.03779296875,minor
Raw Image 1 (54)_top_left.jpg,0.04527587890625,minor
Raw Image 1 (54)_top_right.jpg,0.0172119140625,minor
Raw Image 1 (54)_bottom_left.jpg,0.03358154296875,minor
Raw Image 1 (54)_bottom_right.jpg,0.0140625,minor
Raw Image 2 (59)_top_left.jpg,0.02908935546875,minor
Raw Image 2 (59)_top_right.jpg,0.0173828125,minor
Raw Image 2 (59)_bottom_left.jpg,0.024853515625,minor
Raw Image 2 (59)_bottom_right.jpg,0.02235107421875,minor
Raw Image 1 (55)_top_left.jpg,0.033642578125,minor
Raw Image 1 (55)_top_right.jpg,0.092529296875,moderate
Raw Image 1 (55)_bottom_left.jpg,0.0015869140625,normal
Raw Image 1 (55)_bottom_right.jpg,0.0342529296875,minor
Raw Image 2 (60)_top_left.jpg,0.01746826171875,minor
Raw Image 2 (60)_top_right.jpg,0.05477294921875,moderate
Raw Image 2 (60)_bottom_left.jpg,0.0160888671875,minor
Raw Image 2 (60)_bottom_right.jpg,0.05260009765625,moderate
Raw Image 1 (56)_top_left.jpg,0.05618896484375,moderate
Raw Image 1 (56)_top_right.jpg,0.04154052734375,minor
Raw Image 1 (56)_bottom_left.jpg,0.0677734375,moderate
Raw Image 1 (56)_bottom_right.jpg,0.06292724609375,moderate
Raw Image 2 (61)_top_left.jpg,0.08299560546875,moderate
Raw Image 2 (61)_top_right.jpg,0.0772216796875,moderate
Raw Image 2 (61)_bottom_left.jpg,0.06680908203125,moderate
Raw Image 2 (61)_bottom_right.jpg,0.06346435546875,moderate
Raw Image 1 (57)_top_left.jpg,0.0595458984375,moderate
Raw Image 1 (57)_top_right.jpg,0.04564208984375,minor
Raw Image 1 (57)_bottom_left.jpg,0.08428955078125,moderate
Raw Image 1 (57)_bottom_right.jpg,0.02723388671875,minor
Raw Image 2 (62)_top_left.jpg,0.053076171875,moderate
Raw Image 2 (62)_top_right.jpg,0.028564453125,minor
Raw Image 2 (62)_bottom_left.jpg,0.04173583984375,minor
Raw Image 2 (62)_bottom_right.jpg,0.03460693359375,minor
Raw Image 1 (58)_top_left.jpg,0.090478515625,moderate
Raw Image 1 (58)_top_right.jpg,0.01605224609375,minor
Raw Image 1 (58)_bottom_left.jpg,0.03292236328125,minor
Raw Image 1 (58)_bottom_right.jpg,0.0086181640625,normal
Raw Image 2 (63)_top_left.jpg,0.049658203125,minor
Raw Image 2 (63)_top_right.jpg,0.01221923828125,minor
Raw Image 2 (63)_bottom_left.jpg,0.05218505859375,moderate
Raw Image 2 (63)_bottom_right.jpg,0.01094970703125,minor
Raw Image 1 (59)_top_left.jpg,0.075927734375,moderate
Raw Image 1 (59)_top_right.jpg,0.04251708984375,minor
Raw Image 1 (59)_bottom_left.jpg,0.0458740234375,minor
Raw Image 1 (59)_bottom_right.jpg,0.02103271484375,minor
Raw Image 2 (64)_top_left.jpg,0.067578125,moderate
Raw Image 2 (64)_top_right.jpg,0.04244384765625,minor
Raw Image 2 (64)_bottom_left.jpg,0.09825439453125,moderate
Raw Image 2 (64)_bottom_right.jpg,0.04027099609375,minor
Raw Image 1 (60)_top_left.jpg,0.0500244140625,moderate
Raw Image 1 (60)_top_right.jpg,0.02606201171875,minor
Raw Image 1 (60)_bottom_left.jpg,0.03740234375,minor
Raw Image 1 (60)_bottom_right.jpg,0.01583251953125,minor
Raw Image 2 (65)_top_left.jpg,0.05438232421875,moderate
Raw Image 2 (65)_top_right.jpg,0.0100341796875,minor
Raw Image 2 (65)_bottom_left.jpg,0.04617919921875,minor
Raw Image 2 (65)_bottom_right.jpg,0.018896484375,minor
Raw Image 1 (61)_top_left.jpg,0.0318115234375,minor
Raw Image 1 (61)_top_right.jpg,0.01502685546875,minor
Raw Image 1 (61)_bottom_left.jpg,0.05235595703125,moderate
Raw Image 1 (61)_bottom_right.jpg,0.01956787109375,minor
Raw Image 2 (66)_top_left.jpg,0.05528564453125,moderate
Raw Image 2 (66)_top_right.jpg,0.01688232421875,minor
Raw Image 2 (66)_bottom_left.jpg,0.06602783203125,moderate
Raw Image 2 (66)_bottom_right.jpg,0.02496337890625,minor
Raw Image 1 (62)_top_left.jpg,0.0318115234375,minor
Raw Image 1 (62)_top_right.jpg,0.01502685546875,minor
Raw Image 1 (62)_bottom_left.jpg,0.05235595703125,moderate
Raw Image 1 (62)_bottom_right.jpg,0.01956787109375,minor
Raw Image 2 (67)_top_left.jpg,0.05528564453125,moderate
Raw Image 2 (67)_top_right.jpg,0.01688232421875,minor
Raw Image 2 (67)_bottom_left.jpg,0.06602783203125,moderate
Raw Image 2 (67)_bottom_right.jpg,0.02496337890625,minor
Raw Image 1 (63)_top_left.jpg,0.092431640625,moderate
Raw Image 1 (63)_top_right.jpg,0.00869140625,normal
Raw Image 1 (63)_bottom_left.jpg,0.0755126953125,moderate
Raw Image 1 (63)_bottom_right.jpg,0.01705322265625,minor
Raw Image 2 (68)_top_left.jpg,0.10582275390625,moderate
Raw Image 2 (68)_top_right.jpg,0.00792236328125,normal
Raw Image 2 (68)_bottom_left.jpg,0.10224609375,moderate
Raw Image 2 (68)_bottom_right.jpg,0.01666259765625,minor
Raw Image 1 (64)_top_left.jpg,0.02591552734375,minor
Raw Image 1 (64)_top_right.jpg,0.07305908203125,moderate
Raw Image 1 (64)_bottom_left.jpg,0.01544189453125,minor
Raw Image 1 (64)_bottom_right.jpg,0.052978515625,moderate
Raw Image 2 (69)_top_left.jpg,0.02227783203125,minor
Raw Image 2 (69)_top_right.jpg,0.087158203125,moderate
Raw Image 2 (69)_bottom_left.jpg,0.017919921875,minor
Raw Image 2 (69)_bottom_right.jpg,0.05228271484375,moderate
Raw Image 1 (65)_top_left.jpg,0.02613525390625,minor
Raw Image 1 (65)_top_right.jpg,0.06146240234375,moderate
Raw Image 1 (65)_bottom_left.jpg,0.01597900390625,minor
Raw Image 1 (65)_bottom_right.jpg,0.05804443359375,moderate
Raw Image 2 (70)_top_left.jpg,0.01988525390625,minor
Raw Image 2 (70)_top_right.jpg,0.07884521484375,moderate
Raw Image 2 (70)_bottom_left.jpg,0.03701171875,minor
Raw Image 2 (70)_bottom_right.jpg,0.0574951171875,moderate
Raw Image 1 (66)_top_left.jpg,0.020068359375,minor
Raw Image 1 (66)_top_right.jpg,0.0287841796875,minor
Raw Image 1 (66)_bottom_left.jpg,0.000537109375,normal
Raw Image 1 (66)_bottom_right.jpg,0.01619873046875,minor
Raw Image 2 (71)_top_left.jpg,0.002880859375,normal
Raw Image 2 (71)_top_right.jpg,0.017578125,minor
Raw Image 2 (71)_bottom_left.jpg,0.0009521484375,normal
Raw Image 2 (71)_bottom_right.jpg,0.0185302734375,minor
Raw Image 1 (67)_top_left.jpg,0.008349609375,normal
Raw Image 1 (67)_top_right.jpg,0.00447998046875,normal
Raw Image 1 (67)_bottom_left.jpg,0.0056884765625,normal
Raw Image 1 (67)_bottom_right.jpg,0.00142822265625,normal
Raw Image 2 (72)_top_left.jpg,0.01396484375,minor
Raw Image 2 (72)_top_right.jpg,0.01722412109375,minor
Raw Image 2 (72)_bottom_left.jpg,0.00643310546875,normal
Raw Image 2 (72)_bottom_right.jpg,0.00284423828125,normal
Raw Image 1 (68)_top_left.jpg,0.02252197265625,minor
Raw Image 1 (68)_top_right.jpg,0.060205078125,moderate
Raw Image 1 (68)_bottom_left.jpg,0.02655029296875,minor
Raw Image 1 (68)_bottom_right.jpg,0.04132080078125,minor
Raw Image 2 (73)_top_left.jpg,0.0115966796875,minor
Raw Image 2 (73)_top_right.jpg,0.038427734375,minor
Raw Image 2 (73)_bottom_left.jpg,0.0331787109375,minor
Raw Image 2 (73)_bottom_right.jpg,0.0446044921875,minor
Raw Image 1 (69)_top_left.jpg,0.07503662109375,moderate
Raw Image 1 (69)_top_right.jpg,0.005224609375,normal
Raw Image 1 (69)_bottom_left.jpg,0.089990234375,moderate
Raw Image 1 (69)_bottom_right.jpg,0.0027099609375,normal
Raw Image 2 (74)_top_left.jpg,0.09688720703125,moderate
Raw Image 2 (74)_top_right.jpg,0.00714111328125,normal
Raw Image 2 (74)_bottom_left.jpg,0.09036865234375,moderate
Raw Image 2 (74)_bottom_right.jpg,0.00322265625,normal
Raw Image 1 (70)_top_left.jpg,0.05318603515625,moderate
Raw Image 1 (70)_top_right.jpg,0.00535888671875,normal
Raw Image 1 (70)_bottom_left.jpg,0.0747802734375,moderate
Raw Image 1 (70)_bottom_right.jpg,0.00455322265625,normal
Raw Image 2 (75)_top_left.jpg,0.05006103515625,moderate
Raw Image 2 (75)_top_right.jpg,0.01324462890625,minor
Raw Image 2 (75)_bottom_left.jpg,0.06175537109375,moderate
Raw Image 2 (75)_bottom_right.jpg,0.00849609375,normal
Raw Image 1 (71)_top_left.jpg,0.04344482421875,minor
Raw Image 1 (71)_top_right.jpg,0.0052490234375,normal
Raw Image 1 (71)_bottom_left.jpg,0.0549072265625,moderate
Raw Image 1 (71)_bottom_right.jpg,0.009765625,normal
Raw Image 2 (76)_top_left.jpg,0.05347900390625,moderate
Raw Image 2 (76)_top_right.jpg,0.00692138671875,normal
Raw Image 2 (76)_bottom_left.jpg,0.0655517578125,moderate
Raw Image 2 (76)_bottom_right.jpg,0.0079833984375,normal
Raw Image 1 (72)_top_left.jpg,0.03553466796875,minor
Raw Image 1 (72)_top_right.jpg,0.042431640625,minor
Raw Image 1 (72)_bottom_left.jpg,0.0653076171875,moderate
Raw Image 1 (72)_bottom_right.jpg,0.04364013671875,minor
Raw Image 2 (77)_top_left.jpg,0.03515625,minor
Raw Image 2 (77)_top_right.jpg,0.03419189453125,minor
Raw Image 2 (77)_bottom_left.jpg,0.05843505859375,moderate
Raw Image 2 (77)_bottom_right.jpg,0.04893798828125,minor
Raw Image 1 (73)_top_left.jpg,0.0308837890625,minor
Raw Image 1 (73)_top_right.jpg,0.014453125,minor
Raw Image 1 (73)_bottom_left.jpg,0.02730712890625,minor
Raw Image 1 (73)_bottom_right.jpg,0.01043701171875,minor
Raw Image 2 (78)_top_left.jpg,0.02655029296875,minor
Raw Image 2 (78)_top_right.jpg,0.01566162109375,minor
Raw Image 2 (78)_bottom_left.jpg,0.0374267578125,minor
Raw Image 2 (78)_bottom_right.jpg,0.0082763671875,normal
Raw Image 1 (74)_top_left.jpg,0.0343994140625,minor
Raw Image 1 (74)_top_right.jpg,0.01346435546875,minor
Raw Image 1 (74)_bottom_left.jpg,0.0403564453125,minor
Raw Image 1 (74)_bottom_right.jpg,0.0132568359375,minor
Raw Image 2 (79)_top_left.jpg,0.0225341796875,minor
Raw Image 2 (79)_top_right.jpg,0.02939453125,minor
Raw Image 2 (79)_bottom_left.jpg,0.0291015625,minor
Raw Image 2 (79)_bottom_right.jpg,0.028515625,minor
Raw Image 1 (75)_top_left.jpg,0.01761474609375,minor
Raw Image 1 (75)_top_right.jpg,0.0290771484375,minor
Raw Image 1 (75)_bottom_left.jpg,0.03070068359375,minor
Raw Image 1 (75)_bottom_right.jpg,0.027197265625,minor
Raw Image 1 (76)_top_left.jpg,0.01761474609375,minor
Raw Image 1 (76)_top_right.jpg,0.0290771484375,minor
Raw Image 1 (76)_bottom_left.jpg,0.03070068359375,minor
Raw Image 1 (76)_bottom_right.jpg,0.027197265625,minor
Raw Image 2 (80)_top_left.jpg,0.0225341796875,minor
Raw Image 2 (80)_top_right.jpg,0.02939453125,minor
Raw Image 2 (80)_bottom_left.jpg,0.0291015625,minor
Raw Image 2 (80)_bottom_right.jpg,0.028515625,minor
Raw Image 2 (81)_top_left.jpg,0.0,normal
Raw Image 2 (81)_top_right.jpg,0.05535888671875,moderate
Raw Image 2 (81)_bottom_left.jpg,1.220703125e-05,normal
Raw Image 2 (81)_bottom_right.jpg,0.0031005859375,normal
Raw Image 2 (82)_top_left.jpg,0.01451416015625,minor
Raw Image 2 (82)_top_right.jpg,0.012744140625,minor
Raw Image 2 (82)_bottom_left.jpg,0.02386474609375,minor
Raw Image 2 (82)_bottom_right.jpg,0.00472412109375,normal
Raw Image 2 (83)_top_left.jpg,0.03023681640625,minor
Raw Image 2 (83)_top_right.jpg,0.0109130859375,minor
Raw Image 2 (83)_bottom_left.jpg,0.0450439453125,minor
Raw Image 2 (83)_bottom_right.jpg,0.0001953125,normal
Raw Image 1 (77)_top_left.jpg,0.03363037109375,minor
Raw Image 1 (77)_top_right.jpg,0.00120849609375,normal
Raw Image 1 (77)_bottom_left.jpg,0.02938232421875,minor
Raw Image 1 (77)_bottom_right.jpg,7.32421875e-05,normal
Raw Image 1 (78)_top_left.jpg,0.00931396484375,normal
Raw Image 1 (78)_top_right.jpg,0.02545166015625,minor
Raw Image 1 (78)_bottom_left.jpg,0.0069580078125,normal
Raw Image 1 (78)_bottom_right.jpg,0.0422119140625,minor
Raw Image 2 (84)_top_left.jpg,0.00777587890625,normal
Raw Image 2 (84)_top_right.jpg,0.0180419921875,minor
Raw Image 2 (84)_bottom_left.jpg,0.00797119140625,normal
Raw Image 2 (84)_bottom_right.jpg,0.021875,minor
Raw Image 1 (79)_top_left.jpg,0.0048583984375,normal
Raw Image 1 (79)_top_right.jpg,0.0267822265625,minor
Raw Image 1 (79)_bottom_left.jpg,0.00704345703125,normal
Raw Image 1 (79)_bottom_right.jpg,0.00819091796875,normal
Raw Image 2 (85)_top_left.jpg,0.00614013671875,normal
Raw Image 2 (85)_top_right.jpg,0.03021240234375,minor
Raw Image 2 (85)_bottom_left.jpg,0.00357666015625,normal
Raw Image 2 (85)_bottom_right.jpg,0.01192626953125,minor
Raw Image 3 (1)_top_left.jpg,0.01663818359375,minor
Raw Image 3 (1)_top_right.jpg,0.01331787109375,minor
Raw Image 3 (1)_bottom_left.jpg,0.023095703125,minor
Raw Image 3 (1)_bottom_right.jpg,0.0427001953125,minor
Raw Image 4_top_left.jpg,0.01917724609375,minor
Raw Image 4_top_right.jpg,0.02103271484375,minor
Raw Image 4_bottom_left.jpg,0.0279296875,minor
Raw Image 4_bottom_right.jpg,0.02388916015625,minor
Raw Image 1 (80)_top_left.jpg,0.01412353515625,minor
Raw Image 1 (80)_top_right.jpg,0.0107177734375,minor
Raw Image 1 (80)_bottom_left.jpg,0.01109619140625,minor
Raw Image 1 (80)_bottom_right.jpg,0.0351806640625,minor
Raw Image 2 (86)_top_left.jpg,0.01259765625,minor
Raw Image 2 (86)_top_right.jpg,0.0129150390625,minor
Raw Image 2 (86)_bottom_left.jpg,0.01375732421875,minor
Raw Image 2 (86)_bottom_right.jpg,0.03187255859375,minor
Raw Image 1 (81)_top_left.jpg,0.0578369140625,moderate
Raw Image 1 (81)_top_right.jpg,0.0140869140625,minor
Raw Image 1 (81)_bottom_left.jpg,0.0013916015625,normal
Raw Image 1 (81)_bottom_right.jpg,0.00714111328125,normal
Raw Image 2 (87)_top_left.jpg,0.02589111328125,minor
Raw Image 2 (87)_top_right.jpg,0.00377197265625,normal
Raw Image 2 (87)_bottom_left.jpg,0.0181396484375,minor
Raw Image 2 (87)_bottom_right.jpg,0.0052490234375,normal
Raw Image 1 (82)_top_left.jpg,0.02918701171875,minor
Raw Image 1 (82)_top_right.jpg,0.014453125,minor
Raw Image 1 (82)_bottom_left.jpg,0.01307373046875,minor
Raw Image 1 (82)_bottom_right.jpg,0.01817626953125,minor
Raw Image 2 (88)_top_left.jpg,0.0199951171875,minor
Raw Image 2 (88)_top_right.jpg,0.011572265625,minor
Raw Image 2 (88)_bottom_left.jpg,0.00911865234375,normal
Raw Image 2 (88)_bottom_right.jpg,0.02396240234375,minor
Raw Image 1 (83)_top_left.jpg,0.0177734375,minor
Raw Image 1 (83)_top_right.jpg,0.0130859375,minor
Raw Image 1 (83)_bottom_left.jpg,0.01339111328125,minor
Raw Image 1 (83)_bottom_right.jpg,0.0196533203125,minor
Raw Image 2 (89)_top_left.jpg,0.00526123046875,normal
Raw Image 2 (89)_top_right.jpg,0.0145263671875,minor
Raw Image 2 (89)_bottom_left.jpg,0.004052734375,normal
Raw Image 2 (89)_bottom_right.jpg,0.0490234375,minor
Raw Image 1 (84)_top_left.jpg,0.0177734375,minor
Raw Image 1 (84)_top_right.jpg,0.0130859375,minor
Raw Image 1 (84)_bottom_left.jpg,0.01339111328125,minor
Raw Image 1 (84)_bottom_right.jpg,0.0196533203125,minor
Raw Image 2 (90)_top_left.jpg,0.00526123046875,normal
Raw Image 2 (90)_top_right.jpg,0.0145263671875,minor
Raw Image 2 (90)_bottom_left.jpg,0.004052734375,normal
Raw Image 2 (90)_bottom_right.jpg,0.0490234375,minor
Raw Image 1 (85)_top_left.jpg,0.03214111328125,minor
Raw Image 1 (85)_top_right.jpg,0.00057373046875,normal
Raw Image 1 (85)_bottom_left.jpg,0.050439453125,moderate
Raw Image 1 (85)_bottom_right.jpg,0.0006591796875,normal
Raw Image 2 (91)_top_left.jpg,0.034130859375,minor
Raw Image 2 (91)_top_right.jpg,0.0002197265625,normal
Raw Image 2 (91)_bottom_left.jpg,0.03685302734375,minor
Raw Image 2 (91)_bottom_right.jpg,0.0007568359375,normal
Raw Image 1 (86)_top_left.jpg,0.00035400390625,normal
Raw Image 1 (86)_top_right.jpg,0.04031982421875,minor
Raw Image 1 (86)_bottom_left.jpg,0.00257568359375,normal
Raw Image 1 (86)_bottom_right.jpg,0.041259765625,minor
Raw Image 2 (92)_top_left.jpg,0.0066650390625,normal
Raw Image 2 (92)_top_right.jpg,0.08653564453125,moderate
Raw Image 2 (92)_bottom_left.jpg,0.00687255859375,normal
Raw Image 2 (92)_bottom_right.jpg,0.0737060546875,moderate
Raw Image 1 (87)_top_left.jpg,0.0177734375,minor
Raw Image 1 (87)_top_right.jpg,0.0130859375,minor
Raw Image 1 (87)_bottom_left.jpg,0.01339111328125,minor
Raw Image 1 (87)_bottom_right.jpg,0.0196533203125,minor
Raw Image 2 (93)_top_left.jpg,0.01824951171875,minor
Raw Image 2 (93)_top_right.jpg,0.0088623046875,normal
Raw Image 2 (93)_bottom_left.jpg,0.0248046875,minor
Raw Image 2 (93)_bottom_right.jpg,0.010888671875,minor
Raw Image 1 (88)_top_left.jpg,0.01456298828125,minor
Raw Image 1 (88)_top_right.jpg,0.001904296875,normal
Raw Image 1 (88)_bottom_left.jpg,0.01544189453125,minor
Raw Image 1 (88)_bottom_right.jpg,0.00330810546875,normal
Raw Image 2 (94)_top_left.jpg,0.0072998046875,normal
Raw Image 2 (94)_top_right.jpg,0.00052490234375,normal
Raw Image 2 (94)_bottom_left.jpg,0.018505859375,minor
Raw Image 2 (94)_bottom_right.jpg,0.0026123046875,normal
Raw Image 1 (89)_top_left.jpg,0.0006591796875,normal
Raw Image 1 (89)_top_right.jpg,0.03848876953125,minor
Raw Image 1 (89)_bottom_left.jpg,0.0049560546875,normal
Raw Image 1 (89)_bottom_right.jpg,0.06990966796875,moderate
Raw Image 2 (95)_top_left.jpg,0.02431640625,minor
Raw Image 2 (95)_top_right.jpg,0.01585693359375,minor
Raw Image 2 (95)_bottom_left.jpg,0.00924072265625,normal
Raw Image 2 (95)_bottom_right.jpg,0.04473876953125,minor
Raw Image 1 (90)_top_left.jpg,0.01292724609375,minor
Raw Image 1 (90)_top_right.jpg,0.00533447265625,normal
Raw Image 1 (90)_bottom_left.jpg,0.02078857421875,minor
Raw Image 1 (90)_bottom_right.jpg,0.00526123046875,normal
Raw Image 2 (96)_top_left.jpg,0.01192626953125,minor
Raw Image 2 (96)_top_right.jpg,0.00628662109375,normal
Raw Image 2 (96)_bottom_left.jpg,0.01239013671875,minor
Raw Image 2 (96)_bottom_right.jpg,0.00927734375,normal
Raw Image 1 (91)_top_left.jpg,0.01243896484375,minor
Raw Image 1 (91)_top_right.jpg,0.02227783203125,minor
Raw Image 1 (91)_bottom_left.jpg,0.0152587890625,minor
Raw Image 1 (91)_bottom_right.jpg,0.0256103515625,minor
Raw Image 2 (97)_top_left.jpg,0.01695556640625,minor
Raw Image 2 (97)_top_right.jpg,0.02572021484375,minor
Raw Image 2 (97)_bottom_left.jpg,0.0146240234375,minor
Raw Image 2 (97)_bottom_right.jpg,0.02152099609375,minor
Raw Image 2 (98)_top_left.jpg,0.04893798828125,minor
Raw Image 2 (98)_top_right.jpg,0.0222900390625,minor
Raw Image 2 (98)_bottom_left.jpg,0.071435546875,moderate
Raw Image 2 (98)_bottom_right.jpg,0.03330078125,minor
Raw Image 1 (92)_top_left.jpg,0.0703857421875,moderate
Raw Image 1 (92)_top_right.jpg,0.03641357421875,minor
Raw Image 1 (92)_bottom_left.jpg,0.0653564453125,moderate
Raw Image 1 (92)_bottom_right.jpg,0.01466064453125,minor
Raw Image 1 (93)_top_left.jpg,0.0657958984375,moderate
Raw Image 1 (93)_top_right.jpg,0.00960693359375,normal
Raw Image 1 (93)_bottom_left.jpg,0.0680419921875,moderate
Raw Image 1 (93)_bottom_right.jpg,0.00955810546875,normal
Raw Image 2 (99)_top_left.jpg,0.0616943359375,moderate
Raw Image 2 (99)_top_right.jpg,0.01053466796875,minor
Raw Image 2 (99)_bottom_left.jpg,0.064697265625,moderate
Raw Image 2 (99)_bottom_right.jpg,0.011328125,minor
Raw Image 1 (94)_top_left.jpg,0.01619873046875,minor
Raw Image 1 (94)_top_right.jpg,0.0057861328125,normal
Raw Image 1 (94)_bottom_left.jpg,0.02327880859375,minor
Raw Image 1 (94)_bottom_right.jpg,0.01800537109375,minor
Raw Image 1 (95)_top_left.jpg,0.034033203125,minor
Raw Image 1 (95)_top_right.jpg,0.03868408203125,minor
Raw Image 1 (95)_bottom_left.jpg,0.0072021484375,normal
Raw Image 1 (95)_bottom_right.jpg,0.02794189453125,minor
Raw Image 1 (96)_top_left.jpg,0.114697265625,moderate
Raw Image 1 (96)_top_right.jpg,0.00238037109375,normal
Raw Image 1 (96)_bottom_left.jpg,0.0843994140625,moderate
Raw Image 1 (96)_bottom_right.jpg,0.03021240234375,minor
Raw Image 2 (100)_top_left.jpg,0.036279296875,minor
Raw Image 2 (100)_top_right.jpg,0.03414306640625,minor
Raw Image 2 (100)_bottom_left.jpg,0.04493408203125,minor
Raw Image 2 (100)_bottom_right.jpg,0.022119140625,minor
Raw Image 2 - 2025-05-28T214406.730_top_left.jpg,0.03145751953125,minor
Raw Image 2 - 2025-05-28T214406.730_top_right.jpg,0.0475341796875,minor
Raw Image 2 - 2025-05-28T214406.730_bottom_left.jpg,0.02540283203125,minor
Raw Image 2 - 2025-05-28T214406.730_bottom_right.jpg,0.03756103515625,minor
Raw Image 1 (97)_top_left.jpg,0.002001953125,normal
Raw Image 1 (97)_top_right.jpg,0.03978271484375,minor
Raw Image 1 (97)_bottom_left.jpg,0.0010498046875,normal
Raw Image 1 (97)_bottom_right.jpg,0.00318603515625,normal
Raw Image 2 - 2025-05-28T214412.339_top_left.jpg,0.0269775390625,minor
Raw Image 2 - 2025-05-28T214412.339_top_right.jpg,0.01749267578125,minor
Raw Image 2 - 2025-05-28T214412.339_bottom_left.jpg,0.02418212890625,minor
Raw Image 2 - 2025-05-28T214412.339_bottom_right.jpg,0.0244140625,minor
Raw Image 1 (98)_top_left.jpg,0.0273193359375,minor
Raw Image 1 (98)_top_right.jpg,0.0121337890625,minor
Raw Image 1 (98)_bottom_left.jpg,0.04573974609375,minor
Raw Image 1 (98)_bottom_right.jpg,0.01602783203125,minor
Raw Image 1 (99)_top_left.jpg,0.00655517578125,normal
Raw Image 1 (99)_top_right.jpg,0.044775390625,minor
Raw Image 1 (99)_bottom_left.jpg,0.01619873046875,minor
Raw Image 1 (99)_bottom_right.jpg,0.02174072265625,minor
Raw Image 2 - 2025-05-28T214422.811_top_left.jpg,0.0001953125,normal
Raw Image 2 - 2025-05-28T214422.811_top_right.jpg,0.11080322265625,moderate
Raw Image 2 - 2025-05-28T214422.811_bottom_left.jpg,0.0009521484375,normal
Raw Image 2 - 2025-05-28T214422.811_bottom_right.jpg,0.123779296875,moderate
Raw Image 2 - 2025-05-28T214426.832_top_left.jpg,0.02735595703125,minor
Raw Image 2 - 2025-05-28T214426.832_top_right.jpg,0.04593505859375,minor
Raw Image 2 - 2025-05-28T214426.832_bottom_left.jpg,0.03927001953125,minor
Raw Image 2 - 2025-05-28T214426.832_bottom_right.jpg,0.0419921875,minor
Raw Image 1 (100)_top_left.jpg,0.04210205078125,minor
Raw Image 1 (100)_top_right.jpg,0.03428955078125,minor
Raw Image 1 (100)_bottom_left.jpg,0.068310546875,moderate
Raw Image 1 (100)_bottom_right.jpg,0.06146240234375,moderate
Raw Image 1 - 2025-05-28T214450.752_top_left.jpg,0.022998046875,minor
Raw Image 1 - 2025-05-28T214450.752_top_right.jpg,0.05562744140625,moderate
Raw Image 1 - 2025-05-28T214450.752_bottom_left.jpg,0.038037109375,minor
Raw Image 1 - 2025-05-28T214450.752_bottom_right.jpg,0.06348876953125,moderate
Raw Image 2 - 2025-05-28T214459.344_top_left.jpg,0.0290771484375,minor
Raw Image 2 - 2025-05-28T214459.344_top_right.jpg,0.0948974609375,moderate
Raw Image 2 - 2025-05-28T214459.344_bottom_left.jpg,0.00894775390625,normal
Raw Image 2 - 2025-05-28T214459.344_bottom_right.jpg,0.0307373046875,minor
Raw Image 1 - 2025-05-28T214540.707_top_left.jpg,0.02227783203125,minor
Raw Image 1 - 2025-05-28T214540.707_top_right.jpg,0.06763916015625,moderate
Raw Image 1 - 2025-05-28T214540.707_bottom_left.jpg,0.01322021484375,minor
Raw Image 1 - 2025-05-28T214540.707_bottom_right.jpg,0.0629150390625,moderate
Raw Image 2 - 2025-05-28T214550.172_top_left.jpg,0.0192138671875,minor
Raw Image 2 - 2025-05-28T214550.172_top_right.jpg,0.060693359375,moderate
Raw Image 2 - 2025-05-28T214550.172_bottom_left.jpg,0.02259521484375,minor
Raw Image 2 - 2025-05-28T214550.172_bottom_right.jpg,0.02041015625,minor
Raw Image 1 - 2025-05-28T214553.669_top_left.jpg,0.034423828125,minor
Raw Image 1 - 2025-05-28T214553.669_top_right.jpg,0.04501953125,minor
Raw Image 1 - 2025-05-28T214553.669_bottom_left.jpg,0.01600341796875,minor
Raw Image 1 - 2025-05-28T214553.669_bottom_right.jpg,0.0468017578125,minor
Raw Image 2 - 2025-05-28T214559.722_top_left.jpg,0.05743408203125,moderate
Raw Image 2 - 2025-05-28T214559.722_top_right.jpg,0.00047607421875,normal
Raw Image 2 - 2025-05-28T214559.722_bottom_left.jpg,0.03204345703125,minor
Raw Image 2 - 2025-05-28T214559.722_bottom_right.jpg,0.0007568359375,normal
Raw Image 1 - 2025-05-28T214607.581_top_left.jpg,0.04560546875,minor
Raw Image 1 - 2025-05-28T214607.581_top_right.jpg,0.0184814453125,minor
Raw Image 1 - 2025-05-28T214607.581_bottom_left.jpg,0.07213134765625,moderate
Raw Image 1 - 2025-05-28T214607.581_bottom_right.jpg,0.00565185546875,normal
Raw Image 1 - 2025-05-28T214610.979_top_left.jpg,0.0440673828125,minor
Raw Image 1 - 2025-05-28T214610.979_top_right.jpg,0.0364013671875,minor
Raw Image 1 - 2025-05-28T214610.979_bottom_left.jpg,0.04425048828125,minor
Raw Image 1 - 2025-05-28T214610.979_bottom_right.jpg,0.02333984375,minor
Raw Image 2 - 2025-05-28T214637.516_top_left.jpg,0.04903564453125,minor
Raw Image 2 - 2025-05-28T214637.516_top_right.jpg,0.0388427734375,minor
Raw Image 2 - 2025-05-28T214637.516_bottom_left.jpg,0.0580322265625,moderate
Raw Image 2 - 2025-05-28T214637.516_bottom_right.jpg,0.05047607421875,moderate
Raw Image 1 - 2025-05-28T214641.540_top_left.jpg,0.00101318359375,normal
Raw Image 1 - 2025-05-28T214641.540_top_right.jpg,0.00042724609375,normal
Raw Image 1 - 2025-05-28T214641.540_bottom_left.jpg,0.001171875,normal
Raw Image 1 - 2025-05-28T214641.540_bottom_right.jpg,0.0,normal
Raw Image 2 - 2025-05-28T214646.317_top_left.jpg,0.0016357421875,normal
Raw Image 2 - 2025-05-28T214646.317_top_right.jpg,0.0,normal
Raw Image 2 - 2025-05-28T214646.317_bottom_left.jpg,0.003271484375,normal
Raw Image 2 - 2025-05-28T214646.317_bottom_right.jpg,0.00018310546875,normal
Raw Image 2 - 2025-05-28T214647.977_top_left.jpg,0.00045166015625,normal
Raw Image 2 - 2025-05-28T214647.977_top_right.jpg,0.00076904296875,normal
Raw Image 2 - 2025-05-28T214647.977_bottom_left.jpg,0.0010986328125,normal
Raw Image 2 - 2025-05-28T214647.977_bottom_right.jpg,1.220703125e-05,normal
Raw Image 1 - 2025-05-28T214650.805_top_left.jpg,0.00318603515625,normal
Raw Image 1 - 2025-05-28T214650.805_top_right.jpg,0.002294921875,normal
Raw Image 1 - 2025-05-28T214650.805_bottom_left.jpg,0.00181884765625,normal
Raw Image 1 - 2025-05-28T214650.805_bottom_right.jpg,0.000439453125,normal
Raw Image 1 - 2025-05-28T214654.852_top_left.jpg,0.037890625,minor
Raw Image 1 - 2025-05-28T214654.852_top_right.jpg,0.01676025390625,minor
Raw Image 1 - 2025-05-28T214654.852_bottom_left.jpg,0.0332275390625,minor
Raw Image 1 - 2025-05-28T214654.852_bottom_right.jpg,0.0281982421875,minor
Raw Image 2 - 2025-05-28T214701.568_top_left.jpg,0.00242919921875,normal
Raw Image 2 - 2025-05-28T214701.568_top_right.jpg,0.0080322265625,normal
Raw Image 2 - 2025-05-28T214701.568_bottom_left.jpg,0.00240478515625,normal
Raw Image 2 - 2025-05-28T214701.568_bottom_right.jpg,0.0108154296875,minor
Raw Image 2 - 2025-05-28T214708.562_top_left.jpg,0.0007080078125,normal
Raw Image 2 - 2025-05-28T214708.562_top_right.jpg,0.0052490234375,normal
Raw Image 2 - 2025-05-28T214708.562_bottom_left.jpg,0.00262451171875,normal
Raw Image 2 - 2025-05-28T214708.562_bottom_right.jpg,0.00740966796875,normal
Raw Image 2 - 2025-05-28T214711.820_top_left.jpg,0.0007080078125,normal
Raw Image 2 - 2025-05-28T214711.820_top_right.jpg,0.0052490234375,normal
Raw Image 2 - 2025-05-28T214711.820_bottom_left.jpg,0.00262451171875,normal
Raw Image 2 - 2025-05-28T214711.820_bottom_right.jpg,0.00740966796875,normal
Raw Image 2 - 2025-05-28T214720.184_top_left.jpg,0.0007080078125,normal
Raw Image 2 - 2025-05-28T214720.184_top_right.jpg,0.0052490234375,normal
Raw Image 2 - 2025-05-28T214720.184_bottom_left.jpg,0.00262451171875,normal
Raw Image 2 - 2025-05-28T214720.184_bottom_right.jpg,0.00740966796875,normal
Raw Image 2 - 2025-05-28T214722.666_top_left.jpg,0.00455322265625,normal
Raw Image 2 - 2025-05-28T214722.666_top_right.jpg,0.04483642578125,minor
Raw Image 2 - 2025-05-28T214722.666_bottom_left.jpg,0.00635986328125,normal
Raw Image 2 - 2025-05-28T214722.666_bottom_right.jpg,0.01490478515625,minor
Raw Image 2 - 2025-05-28T214725.516_top_left.jpg,0.01956787109375,minor
Raw Image 2 - 2025-05-28T214725.516_top_right.jpg,0.0352294921875,minor
Raw Image 2 - 2025-05-28T214725.516_bottom_left.jpg,0.00794677734375,normal
Raw Image 2 - 2025-05-28T214725.516_bottom_right.jpg,0.03875732421875,minor
Raw Image 1 - 2025-05-28T214728.389_top_left.jpg,0.00162353515625,normal
Raw Image 1 - 2025-05-28T214728.389_top_right.jpg,0.0042236328125,normal
Raw Image 1 - 2025-05-28T214728.389_bottom_left.jpg,0.002685546875,normal
Raw Image 1 - 2025-05-28T214728.389_bottom_right.jpg,0.00733642578125,normal
Raw Image 2 - 2025-05-28T214743.741_top_left.jpg,0.00201416015625,normal
Raw Image 2 - 2025-05-28T214743.741_top_right.jpg,0.0049072265625,normal
Raw Image 2 - 2025-05-28T214743.741_bottom_left.jpg,0.00816650390625,normal
Raw Image 2 - 2025-05-28T214743.741_bottom_right.jpg,0.01256103515625,minor
Raw Image 1 - 2025-05-28T214808.229_top_left.jpg,0.0046875,normal
Raw Image 1 - 2025-05-28T214808.229_top_right.jpg,0.0284912109375,minor
Raw Image 1 - 2025-05-28T214808.229_bottom_left.jpg,0.00596923828125,normal
Raw Image 1 - 2025-05-28T214808.229_bottom_right.jpg,0.0181396484375,minor
Raw Image 2 - 2025-05-28T214811.800_top_left.jpg,0.00201416015625,normal
Raw Image 2 - 2025-05-28T214811.800_top_right.jpg,0.0049072265625,normal
Raw Image 2 - 2025-05-28T214811.800_bottom_left.jpg,0.00816650390625,normal
Raw Image 2 - 2025-05-28T214811.800_bottom_right.jpg,0.01256103515625,minor
Raw Image 1 - 2025-05-28T214813.846_top_left.jpg,0.00162353515625,normal
Raw Image 1 - 2025-05-28T214813.846_top_right.jpg,0.0042236328125,normal
Raw Image 1 - 2025-05-28T214813.846_bottom_left.jpg,0.002685546875,normal
Raw Image 1 - 2025-05-28T214813.846_bottom_right.jpg,0.00733642578125,normal
Raw Image 1 - 2025-05-28T214817.569_top_left.jpg,0.02008056640625,minor
Raw Image 1 - 2025-05-28T214817.569_top_right.jpg,0.03603515625,minor
Raw Image 1 - 2025-05-28T214817.569_bottom_left.jpg,0.01689453125,minor
Raw Image 1 - 2025-05-28T214817.569_bottom_right.jpg,0.0599609375,moderate
Raw Image 1 - 2025-05-28T214820.090_top_left.jpg,0.043896484375,minor
Raw Image 1 - 2025-05-28T214820.090_top_right.jpg,0.0375732421875,minor
Raw Image 1 - 2025-05-28T214820.090_bottom_left.jpg,0.0267578125,minor
Raw Image 1 - 2025-05-28T214820.090_bottom_right.jpg,0.0298095703125,minor
Raw Image 2 - 2025-05-28T214822.486_top_left.jpg,0.05487060546875,moderate
Raw Image 2 - 2025-05-28T214822.486_top_right.jpg,0.03592529296875,minor
Raw Image 2 - 2025-05-28T214822.486_bottom_left.jpg,0.042138671875,minor
Raw Image 2 - 2025-05-28T214822.486_bottom_right.jpg,0.03890380859375,minor
Raw Image 2 - 2025-05-28T214825.753_top_left.jpg,0.00208740234375,normal
Raw Image 2 - 2025-05-28T214825.753_top_right.jpg,0.126025390625,moderate
Raw Image 2 - 2025-05-28T214825.753_bottom_left.jpg,0.00283203125,normal
Raw Image 2 - 2025-05-28T214825.753_bottom_right.jpg,0.1643798828125,severe
Raw Image 2 - 2025-05-28T214849.488_top_left.jpg,0.05367431640625,moderate
Raw Image 2 - 2025-05-28T214849.488_top_right.jpg,0.00472412109375,normal
Raw Image 2 - 2025-05-28T214849.488_bottom_left.jpg,0.059521484375,moderate
Raw Image 2 - 2025-05-28T214849.488_bottom_right.jpg,0.00233154296875,normal
Raw Image 2 - 2025-05-28T214853.350_top_left.jpg,0.05367431640625,moderate
Raw Image 2 - 2025-05-28T214853.350_top_right.jpg,0.00472412109375,normal
Raw Image 2 - 2025-05-28T214853.350_bottom_left.jpg,0.059521484375,moderate
Raw Image 2 - 2025-05-28T214853.350_bottom_right.jpg,0.00233154296875,normal
Raw Image 2 - 2025-05-28T214855.333_top_left.jpg,0.00435791015625,normal
Raw Image 2 - 2025-05-28T214855.333_top_right.jpg,0.004345703125,normal
Raw Image 2 - 2025-05-28T214855.333_bottom_left.jpg,0.00721435546875,normal
Raw Image 2 - 2025-05-28T214855.333_bottom_right.jpg,0.00406494140625,normal
Raw Image 2 - 2025-05-28T214915.306_top_left.jpg,0.00435791015625,normal
Raw Image 2 - 2025-05-28T214915.306_top_right.jpg,0.004345703125,normal
Raw Image 2 - 2025-05-28T214915.306_bottom_left.jpg,0.00721435546875,normal
Raw Image 2 - 2025-05-28T214915.306_bottom_right.jpg,0.00406494140625,normal
Raw Image 2 - 2025-05-28T214920.996_top_left.jpg,0.0166015625,minor
Raw Image 2 - 2025-05-28T214920.996_top_right.jpg,0.0713134765625,moderate
Raw Image 2 - 2025-05-28T214920.996_bottom_left.jpg,0.01580810546875,minor
Raw Image 2 - 2025-05-28T214920.996_bottom_right.jpg,0.0863037109375,moderate
Raw Image 1 - 2025-05-28T214923.788_top_left.jpg,0.03848876953125,minor
Raw Image 1 - 2025-05-28T214923.788_top_right.jpg,0.04998779296875,minor
Raw Image 1 - 2025-05-28T214923.788_bottom_left.jpg,0.00838623046875,normal
Raw Image 1 - 2025-05-28T214923.788_bottom_right.jpg,0.01600341796875,minor
Raw Image 2 - 2025-05-28T214930.710_top_left.jpg,0.0299560546875,minor
Raw Image 2 - 2025-05-28T214930.710_top_right.jpg,0.032763671875,minor
Raw Image 2 - 2025-05-28T214930.710_bottom_left.jpg,0.022412109375,minor
Raw Image 2 - 2025-05-28T214930.710_bottom_right.jpg,0.0232421875,minor
Raw Image 2 - 2025-05-28T214945.042_top_left.jpg,0.01964111328125,minor
Raw Image 2 - 2025-05-28T214945.042_top_right.jpg,0.01378173828125,minor
Raw Image 2 - 2025-05-28T214945.042_bottom_left.jpg,0.0317626953125,minor
Raw Image 2 - 2025-05-28T214945.042_bottom_right.jpg,0.0190673828125,minor
Raw Image 2 - 2025-05-28T214947.805_top_left.jpg,0.03177490234375,minor
Raw Image 2 - 2025-05-28T214947.805_top_right.jpg,0.01580810546875,minor
Raw Image 2 - 2025-05-28T214947.805_bottom_left.jpg,0.0199462890625,minor
Raw Image 2 - 2025-05-28T214947.805_bottom_right.jpg,0.0146728515625,minor
Raw Image 1 - 2025-05-28T214950.036_top_left.jpg,0.0087890625,normal
Raw Image 1 - 2025-05-28T214950.036_top_right.jpg,0.03907470703125,minor
Raw Image 1 - 2025-05-28T214950.036_bottom_left.jpg,0.0146728515625,minor
Raw Image 1 - 2025-05-28T214950.036_bottom_right.jpg,0.0519287109375,moderate
Raw Image 2 - 2025-05-28T214953.852_top_left.jpg,0.0260498046875,minor
Raw Image 2 - 2025-05-28T214953.852_top_right.jpg,0.02344970703125,minor
Raw Image 2 - 2025-05-28T214953.852_bottom_left.jpg,0.025439453125,minor
Raw Image 2 - 2025-05-28T214953.852_bottom_right.jpg,0.02637939453125,minor
Raw Image 2 - 2025-05-28T215006.716_top_left.jpg,0.02447509765625,minor
Raw Image 2 - 2025-05-28T215006.716_top_right.jpg,0.03131103515625,minor
Raw Image 2 - 2025-05-28T215006.716_bottom_left.jpg,0.027685546875,minor
Raw Image 2 - 2025-05-28T215006.716_bottom_right.jpg,0.02679443359375,minor
Raw Image 5 (9)_top_left.jpg,0.02447509765625,minor
Raw Image 5 (9)_top_right.jpg,0.03131103515625,minor
Raw Image 5 (9)_bottom_left.jpg,0.027685546875,minor
Raw Image 5 (9)_bottom_right.jpg,0.02679443359375,minor
Raw Image 2 - 2025-05-28T215050.483_top_left.jpg,0.02447509765625,minor
Raw Image 2 - 2025-05-28T215050.483_top_right.jpg,0.03131103515625,minor
Raw Image 2 - 2025-05-28T215050.483_bottom_left.jpg,0.027685546875,minor
Raw Image 2 - 2025-05-28T215050.483_bottom_right.jpg,0.02679443359375,minor
Raw Image 6 (8)_top_left.jpg,0.08826904296875,moderate
Raw Image 6 (8)_top_right.jpg,0.04017333984375,minor
Raw Image 6 (8)_bottom_left.jpg,0.05013427734375,moderate
Raw Image 6 (8)_bottom_right.jpg,0.023681640625,minor
Raw Image 2 - 2025-05-28T215101.470_top_left.jpg,0.02125244140625,minor
Raw Image 2 - 2025-05-28T215101.470_top_right.jpg,0.02940673828125,minor
Raw Image 2 - 2025-05-28T215101.470_bottom_left.jpg,0.0297119140625,minor
Raw Image 2 - 2025-05-28T215101.470_bottom_right.jpg,0.0829345703125,moderate
Raw Image 1 - 2025-05-28T215108.577_top_left.jpg,0.0013427734375,normal
Raw Image 1 - 2025-05-28T215108.577_top_right.jpg,0.02921142578125,minor
Raw Image 1 - 2025-05-28T215108.577_bottom_left.jpg,0.001171875,normal
Raw Image 1 - 2025-05-28T215108.577_bottom_right.jpg,0.01397705078125,minor
Raw Image 2 - 2025-05-28T215112.290_top_left.jpg,0.06419677734375,moderate
Raw Image 2 - 2025-05-28T215112.290_top_right.jpg,0.0025634765625,normal
Raw Image 2 - 2025-05-28T215112.290_bottom_left.jpg,0.05859375,moderate
Raw Image 2 - 2025-05-28T215112.290_bottom_right.jpg,0.0037109375,normal
Raw Image 2 - 2025-05-28T215115.282_top_left.jpg,0.09395751953125,moderate
Raw Image 2 - 2025-05-28T215115.282_top_right.jpg,0.00941162109375,normal
Raw Image 2 - 2025-05-28T215115.282_bottom_left.jpg,0.04630126953125,minor
Raw Image 2 - 2025-05-28T215115.282_bottom_right.jpg,0.03365478515625,minor
Raw Image 2 - 2025-05-28T215127.924_top_left.jpg,0.09825439453125,moderate
Raw Image 2 - 2025-05-28T215127.924_top_right.jpg,0.0132568359375,minor
Raw Image 2 - 2025-05-28T215127.924_bottom_left.jpg,0.04329833984375,minor
Raw Image 2 - 2025-05-28T215127.924_bottom_right.jpg,0.032373046875,minor
Raw Image 1 - 2025-05-28T215132.032_top_left.jpg,0.08665771484375,moderate
Raw Image 1 - 2025-05-28T215132.032_top_right.jpg,0.00438232421875,normal
Raw Image 1 - 2025-05-28T215132.032_bottom_left.jpg,0.06470947265625,moderate
Raw Image 1 - 2025-05-28T215132.032_bottom_right.jpg,0.00780029296875,normal
Raw Image 2 - 2025-05-28T215138.188_top_left.jpg,0.0043701171875,normal
Raw Image 2 - 2025-05-28T215138.188_top_right.jpg,0.00491943359375,normal
Raw Image 2 - 2025-05-28T215138.188_bottom_left.jpg,0.0047607421875,normal
Raw Image 2 - 2025-05-28T215138.188_bottom_right.jpg,0.0014404296875,normal
Raw Image 2 - 2025-05-28T215157.518_top_left.jpg,0.0008056640625,normal
Raw Image 2 - 2025-05-28T215157.518_top_right.jpg,0.0373779296875,minor
Raw Image 2 - 2025-05-28T215157.518_bottom_left.jpg,0.00018310546875,normal
Raw Image 2 - 2025-05-28T215157.518_bottom_right.jpg,0.03492431640625,minor
Raw Image 2 - 2025-05-28T215230.176_top_left.jpg,0.01363525390625,minor
Raw Image 2 - 2025-05-28T215230.176_top_right.jpg,0.01436767578125,minor
Raw Image 2 - 2025-05-28T215230.176_bottom_left.jpg,0.02548828125,minor
Raw Image 2 - 2025-05-28T215230.176_bottom_right.jpg,0.02738037109375,minor
Raw Image 2 - 2025-05-28T215231.348_top_left.jpg,0.03741455078125,minor
Raw Image 2 - 2025-05-28T215231.348_top_right.jpg,0.04046630859375,minor
Raw Image 2 - 2025-05-28T215231.348_bottom_left.jpg,0.0346435546875,minor
Raw Image 2 - 2025-05-28T215231.348_bottom_right.jpg,0.03895263671875,minor
Raw Image 2 - 2025-05-28T215232.965_top_left.jpg,0.03741455078125,minor
Raw Image 2 - 2025-05-28T215232.965_top_right.jpg,0.04046630859375,minor
Raw Image 2 - 2025-05-28T215232.965_bottom_left.jpg,0.0346435546875,minor
Raw Image 2 - 2025-05-28T215232.965_bottom_right.jpg,0.03895263671875,minor
Raw Image 1 - 2025-05-28T215236.062_top_left.jpg,0.02889404296875,minor
Raw Image 1 - 2025-05-28T215236.062_top_right.jpg,0.0347412109375,minor
Raw Image 1 - 2025-05-28T215236.062_bottom_left.jpg,0.0325439453125,minor
Raw Image 1 - 2025-05-28T215236.062_bottom_right.jpg,0.03800048828125,minor
Raw Image 2 - 2025-05-28T215252.232_top_left.jpg,0.03741455078125,minor
Raw Image 2 - 2025-05-28T215252.232_top_right.jpg,0.04046630859375,minor
Raw Image 2 - 2025-05-28T215252.232_bottom_left.jpg,0.0346435546875,minor
Raw Image 2 - 2025-05-28T215252.232_bottom_right.jpg,0.03895263671875,minor
Raw Image 2 - 2025-05-28T215308.360_top_left.jpg,0.03741455078125,minor
Raw Image 2 - 2025-05-28T215308.360_top_right.jpg,0.04046630859375,minor
Raw Image 2 - 2025-05-28T215308.360_bottom_left.jpg,0.0346435546875,minor
Raw Image 2 - 2025-05-28T215308.360_bottom_right.jpg,0.03895263671875,minor
Raw Image 2 - 2025-05-28T215313.735_top_left.jpg,0.03741455078125,minor
Raw Image 2 - 2025-05-28T215313.735_top_right.jpg,0.04046630859375,minor
Raw Image 2 - 2025-05-28T215313.735_bottom_left.jpg,0.0346435546875,minor
Raw Image 2 - 2025-05-28T215313.735_bottom_right.jpg,0.03895263671875,minor
Raw Image 2 - 2025-05-28T215320.709_top_left.jpg,0.03741455078125,minor
Raw Image 2 - 2025-05-28T215320.709_top_right.jpg,0.04046630859375,minor
Raw Image 2 - 2025-05-28T215320.709_bottom_left.jpg,0.0346435546875,minor
Raw Image 2 - 2025-05-28T215320.709_bottom_right.jpg,0.03895263671875,minor
Raw Image 2 - 2025-05-28T215339.110_top_left.jpg,0.018310546875,minor
Raw Image 2 - 2025-05-28T215339.110_top_right.jpg,0.02740478515625,minor
Raw Image 2 - 2025-05-28T215339.110_bottom_left.jpg,0.00439453125,normal
Raw Image 2 - 2025-05-28T215339.110_bottom_right.jpg,0.039501953125,minor
Raw Image 2 - 2025-05-28T215340.126_top_left.jpg,0.018310546875,minor
Raw Image 2 - 2025-05-28T215340.126_top_right.jpg,0.02740478515625,minor
Raw Image 2 - 2025-05-28T215340.126_bottom_left.jpg,0.00439453125,normal
Raw Image 2 - 2025-05-28T215340.126_bottom_right.jpg,0.039501953125,minor
Raw Image 2 - 2025-05-28T215343.426_top_left.jpg,0.018310546875,minor
Raw Image 2 - 2025-05-28T215343.426_top_right.jpg,0.02740478515625,minor
Raw Image 2 - 2025-05-28T215343.426_bottom_left.jpg,0.00439453125,normal
Raw Image 2 - 2025-05-28T215343.426_bottom_right.jpg,0.039501953125,minor
Raw Image 1 - 2025-05-28T215346.170_top_left.jpg,0.03179931640625,minor
Raw Image 1 - 2025-05-28T215346.170_top_right.jpg,0.03421630859375,minor
Raw Image 1 - 2025-05-28T215346.170_bottom_left.jpg,0.023193359375,minor
Raw Image 1 - 2025-05-28T215346.170_bottom_right.jpg,0.0213134765625,minor
Raw Image 2 - 2025-05-28T215348.930_top_left.jpg,0.02830810546875,minor
Raw Image 2 - 2025-05-28T215348.930_top_right.jpg,0.02086181640625,minor
Raw Image 2 - 2025-05-28T215348.930_bottom_left.jpg,0.02308349609375,minor
Raw Image 2 - 2025-05-28T215348.930_bottom_right.jpg,0.013818359375,minor
Raw Image 1 - 2025-05-28T215350.683_top_left.jpg,0.03179931640625,minor
Raw Image 1 - 2025-05-28T215350.683_top_right.jpg,0.03421630859375,minor
Raw Image 1 - 2025-05-28T215350.683_bottom_left.jpg,0.023193359375,minor
Raw Image 1 - 2025-05-28T215350.683_bottom_right.jpg,0.0213134765625,minor
Raw Image 1 - 2025-05-28T215354.957_top_left.jpg,0.05279541015625,moderate
Raw Image 1 - 2025-05-28T215354.957_top_right.jpg,0.03568115234375,minor
Raw Image 1 - 2025-05-28T215354.957_bottom_left.jpg,0.0020263671875,normal
Raw Image 1 - 2025-05-28T215354.957_bottom_right.jpg,0.01947021484375,minor
Raw Image 1 - 2025-05-28T215510.451_top_left.jpg,0.0331298828125,minor
Raw Image 1 - 2025-05-28T215510.451_top_right.jpg,0.0306396484375,minor
Raw Image 1 - 2025-05-28T215510.451_bottom_left.jpg,0.025732421875,minor
Raw Image 1 - 2025-05-28T215510.451_bottom_right.jpg,0.0135009765625,minor
Raw Image 2 - 2025-05-28T215516.609_top_left.jpg,0.02742919921875,minor
Raw Image 2 - 2025-05-28T215516.609_top_right.jpg,0.0421875,minor
Raw Image 2 - 2025-05-28T215516.609_bottom_left.jpg,0.04813232421875,minor
Raw Image 2 - 2025-05-28T215516.609_bottom_right.jpg,0.0349853515625,minor
Raw Image 2 - 2025-05-28T215519.075_top_left.jpg,0.02742919921875,minor
Raw Image 2 - 2025-05-28T215519.075_top_right.jpg,0.0421875,minor
Raw Image 2 - 2025-05-28T215519.075_bottom_left.jpg,0.04813232421875,minor
Raw Image 2 - 2025-05-28T215519.075_bottom_right.jpg,0.0349853515625,minor
Raw Image 2 - 2025-05-28T215521.627_top_left.jpg,0.016162109375,minor
Raw Image 2 - 2025-05-28T215521.627_top_right.jpg,0.02882080078125,minor
Raw Image 2 - 2025-05-28T215521.627_bottom_left.jpg,0.0156982421875,minor
Raw Image 2 - 2025-05-28T215521.627_bottom_right.jpg,0.0080078125,normal
Raw Image 2 - 2025-05-28T215524.768_top_left.jpg,0.016162109375,minor
Raw Image 2 - 2025-05-28T215524.768_top_right.jpg,0.02882080078125,minor
Raw Image 2 - 2025-05-28T215524.768_bottom_left.jpg,0.0156982421875,minor
Raw Image 2 - 2025-05-28T215524.768_bottom_right.jpg,0.0080078125,normal
Raw Image 2 - 2025-05-28T215533.665_top_left.jpg,0.016162109375,minor
Raw Image 2 - 2025-05-28T215533.665_top_right.jpg,0.02882080078125,minor
Raw Image 2 - 2025-05-28T215533.665_bottom_left.jpg,0.0156982421875,minor
Raw Image 2 - 2025-05-28T215533.665_bottom_right.jpg,0.0080078125,normal
Raw Image 2 - 2025-05-28T215541.009_top_left.jpg,0.0210693359375,minor
Raw Image 2 - 2025-05-28T215541.009_top_right.jpg,0.0446533203125,minor
Raw Image 2 - 2025-05-28T215541.009_bottom_left.jpg,0.04212646484375,minor
Raw Image 2 - 2025-05-28T215541.009_bottom_right.jpg,0.02529296875,minor
Raw Image 2 - 2025-05-28T215544.133_top_left.jpg,0.0210693359375,minor
Raw Image 2 - 2025-05-28T215544.133_top_right.jpg,0.0446533203125,minor
Raw Image 2 - 2025-05-28T215544.133_bottom_left.jpg,0.04212646484375,minor
Raw Image 2 - 2025-05-28T215544.133_bottom_right.jpg,0.02529296875,minor
Raw Image 2 - 2025-05-28T215547.212_top_left.jpg,0.03004150390625,minor
Raw Image 2 - 2025-05-28T215547.212_top_right.jpg,0.070166015625,moderate
Raw Image 2 - 2025-05-28T215547.212_bottom_left.jpg,0.02532958984375,minor
Raw Image 2 - 2025-05-28T215547.212_bottom_right.jpg,0.042529296875,minor
Raw Image 2 - 2025-05-28T215551.499_top_left.jpg,0.016162109375,minor
Raw Image 2 - 2025-05-28T215551.499_top_right.jpg,0.02882080078125,minor
Raw Image 2 - 2025-05-28T215551.499_bottom_left.jpg,0.0156982421875,minor
Raw Image 2 - 2025-05-28T215551.499_bottom_right.jpg,0.0080078125,normal
Raw Image 2 - 2025-05-28T215717.374_top_left.jpg,0.016162109375,minor
Raw Image 2 - 2025-05-28T215717.374_top_right.jpg,0.02882080078125,minor
Raw Image 2 - 2025-05-28T215717.374_bottom_left.jpg,0.0156982421875,minor
Raw Image 2 - 2025-05-28T215717.374_bottom_right.jpg,0.0080078125,normal
Raw Image 2 - 2025-05-28T215719.747_top_left.jpg,0.016162109375,minor
Raw Image 2 - 2025-05-28T215719.747_top_right.jpg,0.02882080078125,minor
Raw Image 2 - 2025-05-28T215719.747_bottom_left.jpg,0.0156982421875,minor
Raw Image 2 - 2025-05-28T215719.747_bottom_right.jpg,0.0080078125,normal
Raw Image 2 - 2025-05-28T215721.645_top_left.jpg,0.016162109375,minor
Raw Image 2 - 2025-05-28T215721.645_top_right.jpg,0.02882080078125,minor
Raw Image 2 - 2025-05-28T215721.645_bottom_left.jpg,0.0156982421875,minor
Raw Image 2 - 2025-05-28T215721.645_bottom_right.jpg,0.0080078125,normal
Raw Image 1 - 2025-05-28T215729.235_top_left.jpg,0.01868896484375,minor
Raw Image 1 - 2025-05-28T215729.235_top_right.jpg,0.01263427734375,minor
Raw Image 1 - 2025-05-28T215729.235_bottom_left.jpg,0.03834228515625,minor
Raw Image 1 - 2025-05-28T215729.235_bottom_right.jpg,0.01480712890625,minor
Raw Image 2 - 2025-05-28T215732.410_top_left.jpg,0.0446533203125,minor
Raw Image 2 - 2025-05-28T215732.410_top_right.jpg,0.01181640625,minor
Raw Image 2 - 2025-05-28T215732.410_bottom_left.jpg,0.03160400390625,minor
Raw Image 2 - 2025-05-28T215732.410_bottom_right.jpg,0.02388916015625,minor
Raw Image 1 - 2025-05-28T215733.699_top_left.jpg,0.01868896484375,minor
Raw Image 1 - 2025-05-28T215733.699_top_right.jpg,0.01263427734375,minor
Raw Image 1 - 2025-05-28T215733.699_bottom_left.jpg,0.03834228515625,minor
Raw Image 1 - 2025-05-28T215733.699_bottom_right.jpg,0.01480712890625,minor
Raw Image 2 - 2025-05-28T215829.201_top_left.jpg,0.016162109375,minor
Raw Image 2 - 2025-05-28T215829.201_top_right.jpg,0.02882080078125,minor
Raw Image 2 - 2025-05-28T215829.201_bottom_left.jpg,0.0156982421875,minor
Raw Image 2 - 2025-05-28T215829.201_bottom_right.jpg,0.0080078125,normal
Raw Image 1 - 2025-05-28T215900.159_top_left.jpg,0.01868896484375,minor
Raw Image 1 - 2025-05-28T215900.159_top_right.jpg,0.00145263671875,normal
Raw Image 1 - 2025-05-28T215900.159_bottom_left.jpg,0.0179931640625,minor
Raw Image 1 - 2025-05-28T215900.159_bottom_right.jpg,0.0,normal
Raw Image 1 - 2025-05-28T215901.971_top_left.jpg,0.0009765625,normal
Raw Image 1 - 2025-05-28T215901.971_top_right.jpg,0.00020751953125,normal
Raw Image 1 - 2025-05-28T215901.971_bottom_left.jpg,0.00694580078125,normal
Raw Image 1 - 2025-05-28T215901.971_bottom_right.jpg,0.01051025390625,minor
Raw Image 1 - 2025-05-28T215908.458_top_left.jpg,0.00023193359375,normal
Raw Image 1 - 2025-05-28T215908.458_top_right.jpg,0.0044189453125,normal
Raw Image 1 - 2025-05-28T215908.458_bottom_left.jpg,0.00032958984375,normal
Raw Image 1 - 2025-05-28T215908.458_bottom_right.jpg,0.00413818359375,normal
Raw Image 2 - 2025-05-28T215912.124_top_left.jpg,0.00126953125,normal
Raw Image 2 - 2025-05-28T215912.124_top_right.jpg,0.00413818359375,normal
Raw Image 2 - 2025-05-28T215912.124_bottom_left.jpg,0.0003173828125,normal
Raw Image 2 - 2025-05-28T215912.124_bottom_right.jpg,0.0056396484375,normal
Raw Image 2 - 2025-05-28T220030.132_top_left.jpg,0.07489013671875,moderate
Raw Image 2 - 2025-05-28T220030.132_top_right.jpg,0.0130859375,minor
Raw Image 2 - 2025-05-28T220030.132_bottom_left.jpg,0.05264892578125,moderate
Raw Image 2 - 2025-05-28T220030.132_bottom_right.jpg,0.01575927734375,minor
Raw Image 2 - 2025-05-28T220046.404_top_left.jpg,0.00716552734375,normal
Raw Image 2 - 2025-05-28T220046.404_top_right.jpg,6.103515625e-05,normal
Raw Image 2 - 2025-05-28T220046.404_bottom_left.jpg,0.00556640625,normal
Raw Image 2 - 2025-05-28T220046.404_bottom_right.jpg,0.0,normal
Raw Image 2 - 2025-05-28T220230.787_top_left.jpg,0.00010986328125,normal
Raw Image 2 - 2025-05-28T220230.787_top_right.jpg,0.00126953125,normal
Raw Image 2 - 2025-05-28T220230.787_bottom_left.jpg,0.0,normal
Raw Image 2 - 2025-05-28T220230.787_bottom_right.jpg,0.00830078125,normal
Raw Image 1 - 2025-05-28T220232.391_top_left.jpg,9.765625e-05,normal
Raw Image 1 - 2025-05-28T220232.391_top_right.jpg,0.11658935546875,moderate
Raw Image 1 - 2025-05-28T220232.391_bottom_left.jpg,0.0,normal
Raw Image 1 - 2025-05-28T220232.391_bottom_right.jpg,0.01710205078125,minor
Raw Image 2 - 2025-05-28T220601.037_top_left.jpg,0.04759521484375,minor
Raw Image 2 - 2025-05-28T220601.037_top_right.jpg,0.03087158203125,minor
Raw Image 2 - 2025-05-28T220601.037_bottom_left.jpg,0.0222412109375,minor
Raw Image 2 - 2025-05-28T220601.037_bottom_right.jpg,0.0183837890625,minor
Raw Image 2 - 2025-05-28T220607.978_top_left.jpg,0.0314697265625,minor
Raw Image 2 - 2025-05-28T220607.978_top_right.jpg,0.024609375,minor
Raw Image 2 - 2025-05-28T220607.978_bottom_left.jpg,0.027001953125,minor
Raw Image 2 - 2025-05-28T220607.978_bottom_right.jpg,0.01845703125,minor
Raw Image 2 - 2025-05-28T220651.375_top_left.jpg,0.01458740234375,minor
Raw Image 2 - 2025-05-28T220651.375_top_right.jpg,0.0031005859375,normal
Raw Image 2 - 2025-05-28T220651.375_bottom_left.jpg,0.00618896484375,normal
Raw Image 2 - 2025-05-28T220651.375_bottom_right.jpg,0.00267333984375,normal
Raw Image 1 - 2025-05-28T220719.990_top_left.jpg,0.0158447265625,minor
Raw Image 1 - 2025-05-28T220719.990_top_right.jpg,0.0032470703125,normal
Raw Image 1 - 2025-05-28T220719.990_bottom_left.jpg,0.00477294921875,normal
Raw Image 1 - 2025-05-28T220719.990_bottom_right.jpg,0.00137939453125,normal
Raw Image 2 - 2025-05-28T220723.596_top_left.jpg,0.0048583984375,normal
Raw Image 2 - 2025-05-28T220723.596_top_right.jpg,0.0033935546875,normal
Raw Image 2 - 2025-05-28T220723.596_bottom_left.jpg,0.025341796875,minor
Raw Image 2 - 2025-05-28T220723.596_bottom_right.jpg,0.02855224609375,minor
Raw Image 1 - 2025-05-28T220826.193_top_left.jpg,0.006298828125,normal
Raw Image 1 - 2025-05-28T220826.193_top_right.jpg,0.0084228515625,normal
Raw Image 1 - 2025-05-28T220826.193_bottom_left.jpg,0.00804443359375,normal
Raw Image 1 - 2025-05-28T220826.193_bottom_right.jpg,0.0113037109375,minor
Raw Image 1 - 2025-05-28T220831.691_top_left.jpg,0.0201416015625,minor
Raw Image 1 - 2025-05-28T220831.691_top_right.jpg,0.0090576171875,normal
Raw Image 1 - 2025-05-28T220831.691_bottom_left.jpg,0.0058837890625,normal
Raw Image 1 - 2025-05-28T220831.691_bottom_right.jpg,0.00645751953125,normal
Raw Image 2 - 2025-05-28T220851.930_top_left.jpg,0.00394287109375,normal
Raw Image 2 - 2025-05-28T220851.930_top_right.jpg,0.00426025390625,normal
Raw Image 2 - 2025-05-28T220851.930_bottom_left.jpg,0.007568359375,normal
Raw Image 2 - 2025-05-28T220851.930_bottom_right.jpg,0.004150390625,normal
Raw Image 2 - 2025-05-28T220855.868_top_left.jpg,0.05660400390625,moderate
Raw Image 2 - 2025-05-28T220855.868_top_right.jpg,0.0615966796875,moderate
Raw Image 2 - 2025-05-28T220855.868_bottom_left.jpg,0.0764892578125,moderate
Raw Image 2 - 2025-05-28T220855.868_bottom_right.jpg,0.04959716796875,minor
Raw Image 1 - 2025-05-28T220900.345_top_left.jpg,0.00048828125,normal
Raw Image 1 - 2025-05-28T220900.345_top_right.jpg,0.0,normal
Raw Image 1 - 2025-05-28T220900.345_bottom_left.jpg,0.004833984375,normal
Raw Image 1 - 2025-05-28T220900.345_bottom_right.jpg,0.01634521484375,minor
Raw Image 2 - 2025-05-28T220906.545_top_left.jpg,0.00194091796875,normal
Raw Image 2 - 2025-05-28T220906.545_top_right.jpg,0.0021728515625,normal
Raw Image 2 - 2025-05-28T220906.545_bottom_left.jpg,0.00101318359375,normal
Raw Image 2 - 2025-05-28T220906.545_bottom_right.jpg,0.00426025390625,normal
Raw Image 2 - 2025-05-28T220909.083_top_left.jpg,0.0090576171875,normal
Raw Image 2 - 2025-05-28T220909.083_top_right.jpg,0.00615234375,normal
Raw Image 2 - 2025-05-28T220909.083_bottom_left.jpg,0.00225830078125,normal
Raw Image 2 - 2025-05-28T220909.083_bottom_right.jpg,0.00191650390625,normal
Raw Image 2 - 2025-05-28T220913.398_top_left.jpg,0.0090576171875,normal
Raw Image 2 - 2025-05-28T220913.398_top_right.jpg,0.00615234375,normal
Raw Image 2 - 2025-05-28T220913.398_bottom_left.jpg,0.00225830078125,normal
Raw Image 2 - 2025-05-28T220913.398_bottom_right.jpg,0.00191650390625,normal
Raw Image 2_top_left.jpg,0.0262939453125,minor
Raw Image 2_top_right.jpg,0.07330322265625,moderate
Raw Image 2_bottom_left.jpg,0.02113037109375,minor
Raw Image 2_bottom_right.jpg,0.06287841796875,moderate
Raw Image 1_top_left.jpg,0.0220947265625,minor
Raw Image 1_top_right.jpg,0.07025146484375,moderate
Raw Image 1_bottom_left.jpg,0.0173828125,minor
Raw Image 1_bottom_right.jpg,0.06925048828125,moderate
Raw Image 2 (1)_top_left.jpg,0.03873291015625,minor
Raw Image 2 (1)_top_right.jpg,0.01968994140625,minor
Raw Image 2 (1)_bottom_left.jpg,0.01630859375,minor
Raw Image 2 (1)_bottom_right.jpg,0.01446533203125,minor
Raw Image 1 (1)_top_left.jpg,0.05390625,moderate
Raw Image 1 (1)_top_right.jpg,0.017431640625,minor
Raw Image 1 (1)_bottom_left.jpg,0.0248046875,minor
Raw Image 1 (1)_bottom_right.jpg,0.010302734375,minor
Raw Image 2 (2)_top_left.jpg,0.01158447265625,minor
Raw Image 2 (2)_top_right.jpg,0.03304443359375,minor
Raw Image 2 (2)_bottom_left.jpg,0.00987548828125,normal
Raw Image 2 (2)_bottom_right.jpg,0.04061279296875,minor
Raw Image 1 (2)_top_left.jpg,0.01580810546875,minor
Raw Image 1 (2)_top_right.jpg,0.03997802734375,minor
Raw Image 1 (2)_bottom_left.jpg,0.00621337890625,normal
Raw Image 1 (2)_bottom_right.jpg,0.02833251953125,minor
Raw Image 5_top_left.jpg,0.07236328125,moderate
Raw Image 5_top_right.jpg,0.0125732421875,minor
Raw Image 5_bottom_left.jpg,0.06541748046875,moderate
Raw Image 5_bottom_right.jpg,0.01142578125,minor
Raw Image 2 (3)_top_left.jpg,0.0395751953125,minor
Raw Image 2 (3)_top_right.jpg,0.0144775390625,minor
Raw Image 2 (3)_bottom_left.jpg,0.08922119140625,moderate
Raw Image 2 (3)_bottom_right.jpg,0.0085693359375,normal
Raw Image 2 (4)_top_left.jpg,0.00555419921875,normal
Raw Image 2 (4)_top_right.jpg,0.0318359375,minor
Raw Image 2 (4)_bottom_left.jpg,0.00623779296875,normal
Raw Image 2 (4)_bottom_right.jpg,0.0297607421875,minor
Raw Image 2 (5)_top_left.jpg,0.0328369140625,minor
Raw Image 2 (5)_top_right.jpg,0.071533203125,moderate
Raw Image 2 (5)_bottom_left.jpg,0.010205078125,minor
Raw Image 2 (5)_bottom_right.jpg,0.0716552734375,moderate
Raw Image 1 (3)_top_left.jpg,0.02340087890625,minor
Raw Image 1 (3)_top_right.jpg,0.09600830078125,moderate
Raw Image 1 (3)_bottom_left.jpg,0.01478271484375,minor
Raw Image 1 (3)_bottom_right.jpg,0.01064453125,minor
Raw Image 2 (6)_top_left.jpg,0.01202392578125,minor
Raw Image 2 (6)_top_right.jpg,0.01195068359375,minor
Raw Image 2 (6)_bottom_left.jpg,0.06119384765625,moderate
Raw Image 2 (6)_bottom_right.jpg,0.0100830078125,minor
Raw Image 1 (4)_top_left.jpg,0.05260009765625,moderate
Raw Image 1 (4)_top_right.jpg,0.0117919921875,minor
Raw Image 1 (4)_bottom_left.jpg,0.06273193359375,moderate
Raw Image 1 (4)_bottom_right.jpg,0.023974609375,minor
Raw Image 6_top_left.jpg,0.02210693359375,minor
Raw Image 6_top_right.jpg,0.0179443359375,minor
Raw Image 6_bottom_left.jpg,0.03131103515625,minor
Raw Image 6_bottom_right.jpg,0.0280517578125,minor
Raw Image 5 (1)_top_left.jpg,0.02060546875,minor
Raw Image 5 (1)_top_right.jpg,0.0243408203125,minor
Raw Image 5 (1)_bottom_left.jpg,0.02513427734375,minor
Raw Image 5 (1)_bottom_right.jpg,0.0239990234375,minor
Raw Image 2 (7)_top_left.jpg,0.01922607421875,minor
Raw Image 2 (7)_top_right.jpg,0.04290771484375,minor
Raw Image 2 (7)_bottom_left.jpg,0.025634765625,minor
Raw Image 2 (7)_bottom_right.jpg,0.05501708984375,moderate
Raw Image 2 (8)_top_left.jpg,0.01473388671875,minor
Raw Image 2 (8)_top_right.jpg,0.10186767578125,moderate
Raw Image 2 (8)_bottom_left.jpg,0.00850830078125,normal
Raw Image 2 (8)_bottom_right.jpg,0.050341796875,moderate
Raw Image 1 (5)_top_left.jpg,0.00855712890625,normal
Raw Image 1 (5)_top_right.jpg,0.0421630859375,minor
Raw Image 1 (5)_bottom_left.jpg,0.01234130859375,minor
Raw Image 1 (5)_bottom_right.jpg,0.00582275390625,normal
Raw Image 2 (9)_top_left.jpg,0.00986328125,normal
Raw Image 2 (9)_top_right.jpg,0.0427978515625,minor
Raw Image 2 (9)_bottom_left.jpg,0.0156494140625,minor
Raw Image 2 (9)_bottom_right.jpg,0.009765625,normal
Raw Image 2 (10)_top_left.jpg,0.03873291015625,minor
Raw Image 2 (10)_top_right.jpg,0.01968994140625,minor
Raw Image 2 (10)_bottom_left.jpg,0.01630859375,minor
Raw Image 2 (10)_bottom_right.jpg,0.01446533203125,minor
Raw Image 1 (6)_top_left.jpg,0.05390625,moderate
Raw Image 1 (6)_top_right.jpg,0.017431640625,minor
Raw Image 1 (6)_bottom_left.jpg,0.0248046875,minor
Raw Image 1 (6)_bottom_right.jpg,0.010302734375,minor
Raw Image 2 (11)_top_left.jpg,0.0262939453125,minor
Raw Image 2 (11)_top_right.jpg,0.07330322265625,moderate
Raw Image 2 (11)_bottom_left.jpg,0.02113037109375,minor
Raw Image 2 (11)_bottom_right.jpg,0.06287841796875,moderate
Raw Image 1 (7)_top_left.jpg,0.0220947265625,minor
Raw Image 1 (7)_top_right.jpg,0.07025146484375,moderate
Raw Image 1 (7)_bottom_left.jpg,0.0173828125,minor
Raw Image 1 (7)_bottom_right.jpg,0.06925048828125,moderate
Raw Image 1 (8)_top_left.jpg,0.0461181640625,minor
Raw Image 1 (8)_top_right.jpg,0.00875244140625,normal
Raw Image 1 (8)_bottom_left.jpg,0.01978759765625,minor
Raw Image 1 (8)_bottom_right.jpg,0.00643310546875,normal
Raw Image 1 (9)_top_left.jpg,0.00565185546875,normal
Raw Image 1 (9)_top_right.jpg,0.0336181640625,minor
Raw Image 1 (9)_bottom_left.jpg,0.0155029296875,minor
Raw Image 1 (9)_bottom_right.jpg,0.024609375,minor
Raw Image 1 (10)_top_left.jpg,0.03951416015625,minor
Raw Image 1 (10)_top_right.jpg,0.041943359375,minor
Raw Image 1 (10)_bottom_left.jpg,0.01473388671875,minor
Raw Image 1 (10)_bottom_right.jpg,0.01319580078125,minor
Raw Image 2 (12)_top_left.jpg,0.0159912109375,minor
Raw Image 2 (12)_top_right.jpg,0.01121826171875,minor
Raw Image 2 (12)_bottom_left.jpg,0.01607666015625,minor
Raw Image 2 (12)_bottom_right.jpg,0.008740234375,normal
Raw Image 1 (11)_top_left.jpg,0.04884033203125,minor
Raw Image 1 (11)_top_right.jpg,0.01597900390625,minor
Raw Image 1 (11)_bottom_left.jpg,0.07337646484375,moderate
Raw Image 1 (11)_bottom_right.jpg,0.02674560546875,minor
Raw Image 2 (13)_top_left.jpg,0.0471923828125,minor
Raw Image 2 (13)_top_right.jpg,0.0187255859375,minor
Raw Image 2 (13)_bottom_left.jpg,0.05943603515625,moderate
Raw Image 2 (13)_bottom_right.jpg,0.03111572265625,minor
Raw Image 1 (12)_top_left.jpg,0.03033447265625,minor
Raw Image 1 (12)_top_right.jpg,0.05821533203125,moderate
Raw Image 1 (12)_bottom_left.jpg,0.01734619140625,minor
Raw Image 1 (12)_bottom_right.jpg,0.05015869140625,moderate
Raw Image 2 (14)_top_left.jpg,0.035791015625,minor
Raw Image 2 (14)_top_right.jpg,0.0532470703125,moderate
Raw Image 2 (14)_bottom_left.jpg,0.02930908203125,minor
Raw Image 2 (14)_bottom_right.jpg,0.0578125,moderate
Raw Image 2 (15)_top_left.jpg,0.061962890625,moderate
Raw Image 2 (15)_top_right.jpg,0.00469970703125,normal
Raw Image 2 (15)_bottom_left.jpg,0.05733642578125,moderate
Raw Image 2 (15)_bottom_right.jpg,0.00379638671875,normal
Raw Image 1 (13)_top_left.jpg,0.06029052734375,moderate
Raw Image 1 (13)_top_right.jpg,0.00726318359375,normal
Raw Image 1 (13)_bottom_left.jpg,0.052392578125,moderate
Raw Image 1 (13)_bottom_right.jpg,0.00306396484375,normal
Raw Image 2 (16)_top_left.jpg,0.558056640625,severe
Raw Image 2 (16)_top_right.jpg,0.31845703125,severe
Raw Image 2 (16)_bottom_left.jpg,0.396044921875,severe
Raw Image 2 (16)_bottom_right.jpg,0.1907958984375,severe
Raw Image 2 (17)_top_left.jpg,0.0005126953125,normal
Raw Image 2 (17)_top_right.jpg,0.0090576171875,normal
Raw Image 2 (17)_bottom_left.jpg,0.00438232421875,normal
Raw Image 2 (17)_bottom_right.jpg,0.002783203125,normal
Raw Image 1 (14)_top_left.jpg,0.0,normal
Raw Image 1 (14)_top_right.jpg,0.0008056640625,normal
Raw Image 1 (14)_bottom_left.jpg,0.00010986328125,normal
Raw Image 1 (14)_bottom_right.jpg,0.00599365234375,normal
Raw Image 1 (15)_top_left.jpg,0.00340576171875,normal
Raw Image 1 (15)_top_right.jpg,0.0007080078125,normal
Raw Image 1 (15)_bottom_left.jpg,0.06143798828125,moderate
Raw Image 1 (15)_bottom_right.jpg,1.220703125e-05,normal
Raw Image 2 (18)_top_left.jpg,0.0627685546875,moderate
Raw Image 2 (18)_top_right.jpg,0.0025390625,normal
Raw Image 2 (18)_bottom_left.jpg,0.06053466796875,moderate
Raw Image 2 (18)_bottom_right.jpg,0.00347900390625,normal
Raw Image 2 (19)_top_left.jpg,0.0,normal
Raw Image 2 (19)_top_right.jpg,0.1234375,moderate
Raw Image 2 (19)_bottom_left.jpg,0.0,normal
Raw Image 2 (19)_bottom_right.jpg,0.1190185546875,moderate
Raw Image 2 (20)_top_left.jpg,0.0008056640625,normal
Raw Image 2 (20)_top_right.jpg,0.08631591796875,moderate
Raw Image 2 (20)_bottom_left.jpg,0.002587890625,normal
Raw Image 2 (20)_bottom_right.jpg,0.08203125,moderate
Raw Image 1 (16)_top_left.jpg,0.000537109375,normal
Raw Image 1 (16)_top_right.jpg,0.0893798828125,moderate
Raw Image 1 (16)_bottom_left.jpg,0.0011474609375,normal
Raw Image 1 (16)_bottom_right.jpg,0.1070556640625,moderate
Raw Image 2 (21)_top_left.jpg,0.0,normal
Raw Image 2 (21)_top_right.jpg,0.0,normal
Raw Image 2 (21)_bottom_left.jpg,1.220703125e-05,normal
Raw Image 2 (21)_bottom_right.jpg,0.00501708984375,normal
Raw Image 2 (22)_top_left.jpg,0.0684814453125,moderate
Raw Image 2 (22)_top_right.jpg,8.544921875e-05,normal
Raw Image 2 (22)_bottom_left.jpg,0.09449462890625,moderate
Raw Image 2 (22)_bottom_right.jpg,0.0,normal
Raw Image 1 (17)_top_left.jpg,0.061669921875,moderate
Raw Image 1 (17)_top_right.jpg,0.0702880859375,moderate
Raw Image 1 (17)_bottom_left.jpg,0.0377197265625,minor
Raw Image 1 (17)_bottom_right.jpg,0.05128173828125,moderate
Raw Image 1 (18)_top_left.jpg,0.02789306640625,minor
Raw Image 1 (18)_top_right.jpg,0.051904296875,moderate
Raw Image 1 (18)_bottom_left.jpg,0.0298583984375,minor
Raw Image 1 (18)_bottom_right.jpg,0.024169921875,minor
Raw Image 2 (23)_top_left.jpg,0.01650390625,minor
Raw Image 2 (23)_top_right.jpg,0.0287353515625,minor
Raw Image 2 (23)_bottom_left.jpg,0.027880859375,minor
Raw Image 2 (23)_bottom_right.jpg,0.04256591796875,minor
Raw Image 2 (24)_top_left.jpg,0.01158447265625,minor
Raw Image 2 (24)_top_right.jpg,0.03304443359375,minor
Raw Image 2 (24)_bottom_left.jpg,0.00987548828125,normal
Raw Image 2 (24)_bottom_right.jpg,0.04061279296875,minor
Raw Image 1 (19)_top_left.jpg,0.01580810546875,minor
Raw Image 1 (19)_top_right.jpg,0.03997802734375,minor
Raw Image 1 (19)_bottom_left.jpg,0.00621337890625,normal
Raw Image 1 (19)_bottom_right.jpg,0.02833251953125,minor
Raw Image 2 (25)_top_left.jpg,0.035205078125,minor
Raw Image 2 (25)_top_right.jpg,0.01566162109375,minor
Raw Image 2 (25)_bottom_left.jpg,0.0279052734375,minor
Raw Image 2 (25)_bottom_right.jpg,0.02471923828125,minor
Raw Image 1 (20)_top_left.jpg,0.02060546875,minor
Raw Image 1 (20)_top_right.jpg,0.00733642578125,normal
Raw Image 1 (20)_bottom_left.jpg,0.02781982421875,minor
Raw Image 1 (20)_bottom_right.jpg,0.0184326171875,minor
Raw Image 2 (26)_top_left.jpg,0.0322265625,minor
Raw Image 2 (26)_top_right.jpg,0.00225830078125,normal
Raw Image 2 (26)_bottom_left.jpg,0.01212158203125,minor
Raw Image 2 (26)_bottom_right.jpg,0.004052734375,normal
Raw Image 1 (21)_top_left.jpg,0.0552001953125,moderate
Raw Image 1 (21)_top_right.jpg,0.00301513671875,normal
Raw Image 1 (21)_bottom_left.jpg,0.02100830078125,minor
Raw Image 1 (21)_bottom_right.jpg,0.0043701171875,normal
Raw Image 2 (27)_top_left.jpg,0.03817138671875,minor
Raw Image 2 (27)_top_right.jpg,0.00863037109375,normal
Raw Image 2 (27)_bottom_left.jpg,0.04515380859375,minor
Raw Image 2 (27)_bottom_right.jpg,0.02513427734375,minor
Raw Image 1 (22)_top_left.jpg,0.04146728515625,minor
Raw Image 1 (22)_top_right.jpg,0.01436767578125,minor
Raw Image 1 (22)_bottom_left.jpg,0.0496826171875,minor
Raw Image 1 (22)_bottom_right.jpg,0.03779296875,minor
Raw Image 6 (1)_top_left.jpg,0.04451904296875,minor
Raw Image 6 (1)_top_right.jpg,0.02430419921875,minor
Raw Image 6 (1)_bottom_left.jpg,0.07242431640625,moderate
Raw Image 6 (1)_bottom_right.jpg,0.0286376953125,minor
Raw Image 5 (2)_top_left.jpg,0.07413330078125,moderate
Raw Image 5 (2)_top_right.jpg,0.011181640625,minor
Raw Image 5 (2)_bottom_left.jpg,0.07672119140625,moderate
Raw Image 5 (2)_bottom_right.jpg,0.051416015625,moderate
Raw Image 2 (28)_top_left.jpg,0.07413330078125,moderate
Raw Image 2 (28)_top_right.jpg,0.011181640625,minor
Raw Image 2 (28)_bottom_left.jpg,0.07672119140625,moderate
Raw Image 2 (28)_bottom_right.jpg,0.051416015625,moderate
Raw Image 1 (23)_top_left.jpg,0.04451904296875,minor
Raw Image 1 (23)_top_right.jpg,0.02430419921875,minor
Raw Image 1 (23)_bottom_left.jpg,0.07242431640625,moderate
Raw Image 1 (23)_bottom_right.jpg,0.0286376953125,minor
Raw Image 6 (2)_top_left.jpg,0.06292724609375,moderate
Raw Image 6 (2)_top_right.jpg,0.087841796875,moderate
Raw Image 6 (2)_bottom_left.jpg,0.03387451171875,minor
Raw Image 6 (2)_bottom_right.jpg,0.04547119140625,minor
Raw Image 5 (3)_top_left.jpg,0.040771484375,minor
Raw Image 5 (3)_top_right.jpg,0.07552490234375,moderate
Raw Image 5 (3)_bottom_left.jpg,0.04296875,minor
Raw Image 5 (3)_bottom_right.jpg,0.06378173828125,moderate
Raw Image 2 (29)_top_left.jpg,0.06292724609375,moderate
Raw Image 2 (29)_top_right.jpg,0.087841796875,moderate
Raw Image 2 (29)_bottom_left.jpg,0.03387451171875,minor
Raw Image 2 (29)_bottom_right.jpg,0.04547119140625,minor
Raw Image 1 (24)_top_left.jpg,0.040771484375,minor
Raw Image 1 (24)_top_right.jpg,0.07552490234375,moderate
Raw Image 1 (24)_bottom_left.jpg,0.04296875,minor
Raw Image 1 (24)_bottom_right.jpg,0.06378173828125,moderate
Raw Image 2 (30)_top_left.jpg,0.006591796875,normal
Raw Image 2 (30)_top_right.jpg,0.0045654296875,normal
Raw Image 2 (30)_bottom_left.jpg,0.01156005859375,minor
Raw Image 2 (30)_bottom_right.jpg,0.00228271484375,normal
Raw Image 1 (25)_top_left.jpg,0.00784912109375,normal
Raw Image 1 (25)_top_right.jpg,0.00206298828125,normal
Raw Image 1 (25)_bottom_left.jpg,0.0071044921875,normal
Raw Image 1 (25)_bottom_right.jpg,0.00172119140625,normal
Raw Image 2 (31)_top_left.jpg,0.0392333984375,minor
Raw Image 2 (31)_top_right.jpg,0.00279541015625,normal
Raw Image 2 (31)_bottom_left.jpg,0.03394775390625,minor
Raw Image 2 (31)_bottom_right.jpg,0.00052490234375,normal
Raw Image 1 (26)_top_left.jpg,0.04281005859375,minor
Raw Image 1 (26)_top_right.jpg,0.00250244140625,normal
Raw Image 1 (26)_bottom_left.jpg,0.046142578125,minor
Raw Image 1 (26)_bottom_right.jpg,0.0003173828125,normal
Raw Image 2 (32)_top_left.jpg,0.09493408203125,moderate
Raw Image 2 (32)_top_right.jpg,0.01702880859375,minor
Raw Image 2 (32)_bottom_left.jpg,0.01341552734375,minor
Raw Image 2 (32)_bottom_right.jpg,0.0230712890625,minor
Raw Image 1 (27)_top_left.jpg,0.02498779296875,minor
Raw Image 1 (27)_top_right.jpg,0.005029296875,normal
Raw Image 1 (27)_bottom_left.jpg,0.0738037109375,moderate
Raw Image 1 (27)_bottom_right.jpg,0.0044189453125,normal
Raw Image 6 (3)_top_left.jpg,0.01513671875,minor
Raw Image 6 (3)_top_right.jpg,0.0533203125,moderate
Raw Image 6 (3)_bottom_left.jpg,0.00941162109375,normal
Raw Image 6 (3)_bottom_right.jpg,0.03035888671875,minor
Raw Image 5 (4)_top_left.jpg,0.00684814453125,normal
Raw Image 5 (4)_top_right.jpg,0.016064453125,minor
Raw Image 5 (4)_bottom_left.jpg,0.0164306640625,minor
Raw Image 5 (4)_bottom_right.jpg,0.0408935546875,minor
Raw Image 2 (33)_top_left.jpg,0.00684814453125,normal
Raw Image 2 (33)_top_right.jpg,0.016064453125,minor
Raw Image 2 (33)_bottom_left.jpg,0.0164306640625,minor
Raw Image 2 (33)_bottom_right.jpg,0.0408935546875,minor
Raw Image 1 (28)_top_left.jpg,0.01513671875,minor
Raw Image 1 (28)_top_right.jpg,0.0533203125,moderate
Raw Image 1 (28)_bottom_left.jpg,0.00941162109375,normal
Raw Image 1 (28)_bottom_right.jpg,0.03035888671875,minor
Raw Image 6 (4)_top_left.jpg,0.0395751953125,minor
Raw Image 6 (4)_top_right.jpg,0.0144775390625,minor
Raw Image 6 (4)_bottom_left.jpg,0.08922119140625,moderate
Raw Image 6 (4)_bottom_right.jpg,0.0085693359375,normal
Raw Image 5 (5)_top_left.jpg,0.07236328125,moderate
Raw Image 5 (5)_top_right.jpg,0.0125732421875,minor
Raw Image 5 (5)_bottom_left.jpg,0.06541748046875,moderate
Raw Image 5 (5)_bottom_right.jpg,0.01142578125,minor
Raw Image 2 (34)_top_left.jpg,0.0395751953125,minor
Raw Image 2 (34)_top_right.jpg,0.0144775390625,minor
Raw Image 2 (34)_bottom_left.jpg,0.08922119140625,moderate
Raw Image 2 (34)_bottom_right.jpg,0.0085693359375,normal
Raw Image 1 (29)_top_left.jpg,0.07236328125,moderate
Raw Image 1 (29)_top_right.jpg,0.0125732421875,minor
Raw Image 1 (29)_bottom_left.jpg,0.06541748046875,moderate
Raw Image 1 (29)_bottom_right.jpg,0.01142578125,minor
Raw Image 2 (35)_top_left.jpg,0.01534423828125,minor
Raw Image 2 (35)_top_right.jpg,0.00028076171875,normal
Raw Image 2 (35)_bottom_left.jpg,0.010205078125,minor
Raw Image 2 (35)_bottom_right.jpg,0.000537109375,normal
Raw Image 1 (30)_top_left.jpg,0.0089599609375,normal
Raw Image 1 (30)_top_right.jpg,0.0006103515625,normal
Raw Image 1 (30)_bottom_left.jpg,0.00689697265625,normal
Raw Image 1 (30)_bottom_right.jpg,0.00045166015625,normal
Raw Image 2 (36)_top_left.jpg,0.00555419921875,normal
Raw Image 2 (36)_top_right.jpg,0.0318359375,minor
Raw Image 2 (36)_bottom_left.jpg,0.00623779296875,normal
Raw Image 2 (36)_bottom_right.jpg,0.0297607421875,minor
Raw Image 1 (31)_top_left.jpg,0.0103271484375,minor
Raw Image 1 (31)_top_right.jpg,0.02872314453125,minor
Raw Image 1 (31)_bottom_left.jpg,0.01141357421875,minor
Raw Image 1 (31)_bottom_right.jpg,0.028955078125,minor
Raw Image 2 (37)_top_left.jpg,0.0328369140625,minor
Raw Image 2 (37)_top_right.jpg,0.071533203125,moderate
Raw Image 2 (37)_bottom_left.jpg,0.010205078125,minor
Raw Image 2 (37)_bottom_right.jpg,0.0716552734375,moderate
